timestamp,elapsed_time,iteration,mapping_2d_local_trajectory_builder_costs[scan_matcher=ceres].n,mapping_2d_local_trajectory_builder_costs[scan_matcher=ceres].p50,mapping_2d_local_trajectory_builder_costs[scan_matcher=ceres].p90,mapping_2d_local_trajectory_builder_costs[scan_matcher=ceres].p95,mapping_2d_local_trajectory_builder_costs[scan_matcher=ceres].peak_boundary,mapping_2d_local_trajectory_builder_costs[scan_matcher=ceres].peak_count,mapping_2d_local_trajectory_builder_cpu_real_time_ratio,mapping_2d_local_trajectory_builder_latency,mapping_2d_local_trajectory_builder_real_time_ratio,mapping_2d_local_trajectory_builder_residuals[component=angle].n,mapping_2d_local_trajectory_builder_residuals[component=angle].p50,mapping_2d_local_trajectory_builder_residuals[component=angle].p90,mapping_2d_local_trajectory_builder_residuals[component=angle].p95,mapping_2d_local_trajectory_builder_residuals[component=angle].peak_boundary,mapping_2d_local_trajectory_builder_residuals[component=angle].peak_count,mapping_2d_local_trajectory_builder_residuals[component=distance].n,mapping_2d_local_trajectory_builder_residuals[component=distance].p50,mapping_2d_local_trajectory_builder_residuals[component=distance].p90,mapping_2d_local_trajectory_builder_residuals[component=distance].p95,mapping_2d_local_trajectory_builder_residuals[component=distance].peak_boundary,mapping_2d_local_trajectory_builder_residuals[component=distance].peak_count,mapping_2d_local_trajectory_builder_scores[scan_matcher=real_time_correlative].n,mapping_2d_pose_graph_constraints[tag=inter_submap_trajectory=different],mapping_2d_pose_graph_constraints[tag=inter_submap_trajectory=same],mapping_2d_pose_graph_submaps[state=active],mapping_2d_pose_graph_submaps[state=deleted],mapping_2d_pose_graph_submaps[state=frozen],mapping_2d_pose_graph_work_queue_delay,mapping_2d_pose_graph_work_queue_size,mapping_3d_pose_graph_constraints[tag=inter_submap_trajectory=different],mapping_3d_pose_graph_constraints[tag=inter_submap_trajectory=same],mapping_3d_pose_graph_submaps[state=active],mapping_3d_pose_graph_submaps[state=deleted],mapping_3d_pose_graph_submaps[state=frozen],mapping_3d_pose_graph_work_queue_delay,mapping_3d_pose_graph_work_queue_size,mapping_constraints_constraint_builder_2d_constraints[matcher=found_search_region=global],mapping_constraints_constraint_builder_2d_constraints[matcher=found_search_region=local],mapping_constraints_constraint_builder_2d_constraints[matcher=searched_search_region=global],mapping_constraints_constraint_builder_2d_constraints[matcher=searched_search_region=local],mapping_constraints_constraint_builder_2d_num_submap_scan_matchers,mapping_constraints_constraint_builder_2d_queue_length,mapping_constraints_constraint_builder_2d_scores[search_region=global].n,mapping_constraints_constraint_builder_2d_scores[search_region=global].p50,mapping_constraints_constraint_builder_2d_scores[search_region=global].p90,mapping_constraints_constraint_builder_2d_scores[search_region=global].p95,mapping_constraints_constraint_builder_2d_scores[search_region=global].peak_boundary,mapping_constraints_constraint_builder_2d_scores[search_region=global].peak_count,mapping_constraints_constraint_builder_2d_scores[search_region=local].n,mapping_constraints_constraint_builder_2d_scores[search_region=local].p50,mapping_constraints_constraint_builder_2d_scores[search_region=local].p90,mapping_constraints_constraint_builder_2d_scores[search_region=local].p95,mapping_constraints_constraint_builder_2d_scores[search_region=local].peak_boundary,mapping_constraints_constraint_builder_2d_scores[search_region=local].peak_count,mapping_constraints_constraint_builder_3d_constraints[matcher=found_search_region=global],mapping_constraints_constraint_builder_3d_constraints[matcher=found_search_region=local],mapping_constraints_constraint_builder_3d_constraints[matcher=searched_search_region=global],mapping_constraints_constraint_builder_3d_constraints[matcher=searched_search_region=local],mapping_constraints_constraint_builder_3d_num_submap_scan_matchers,mapping_constraints_constraint_builder_3d_queue_length,mapping_constraints_constraint_builder_3d_scores[kind=low_resolution_score_search_region=global].n,mapping_constraints_constraint_builder_3d_scores[kind=low_resolution_score_search_region=local].n,mapping_constraints_constraint_builder_3d_scores[kind=rotational_score_search_region=global].n,mapping_constraints_constraint_builder_3d_scores[kind=rotational_score_search_region=local].n,mapping_constraints_constraint_builder_3d_scores[kind=score_search_region=global].n,mapping_constraints_constraint_builder_3d_scores[kind=score_search_region=local].n
2026-05-13T19:32:12.899816,0.05850672721862793,1,433.0,81.92,inf,inf,inf,214.0,3.4422710539613157,0.058957276,0.5065108503316876,433.0,0.01,0.01,0.02,0.01,405.0,433.0,0.02,0.04,0.04,0.01,193.0,0,11.0,1.0,3.0,0.0,14.0,2.7385e-05,0.0,0.0,0.0,0.0,0.0,0.0,0.0,0.0,11.0,1.0,25.0,1.0,8.0,0.0,11.0,0.7000000000000001,0.8000000000000002,0.8000000000000002,0.65,4.0,1.0,0.8500000000000002,0.8500000000000002,0.8500000000000002,0.8500000000000002,1.0,0.0,0.0,0.0,0.0,0.0,0.0,0,0,0,0,0,0
2026-05-13T19:32:13.955682,1.1143724918365479,2,476.0,81.92,inf,inf,inf,224.0,3.55593784919183,0.025762574,0.7806712170918947,476.0,0.01,0.01,0.02,0.01,444.0,476.0,0.02,0.04,0.04,0.01,198.0,0,17.0,1.0,4.0,0.0,14.0,7.305e-06,1.0,0.0,0.0,0.0,0.0,0.0,0.0,0.0,17.0,1.0,35.0,2.0,9.0,0.0,17.0,0.7000000000000001,0.8000000000000002,0.8000000000000002,0.7000000000000001,6.0,1.0,0.8500000000000002,0.8500000000000002,0.8500000000000002,0.8500000000000002,1.0,0.0,0.0,0.0,0.0,0.0,0.0,0,0,0,0,0,0
2026-05-13T19:32:15.000621,2.159311056137085,3,271.0,81.92,inf,inf,81.92,165.0,3.0864516352957185,0.04998379,0.5977737982653977,271.0,0.01,0.02,0.02,0.01,241.0,271.0,0.02,0.04,0.04,0.02,100.0,0,12.0,1.0,3.0,0.0,14.0,1.32e-05,0.0,0.0,0.0,0.0,0.0,0.0,0.0,0.0,12.0,1.0,24.0,1.0,8.0,0.0,12.0,0.7000000000000001,0.8000000000000002,0.8000000000000002,0.7000000000000001,5.0,1.0,0.8500000000000002,0.8500000000000002,0.8500000000000002,0.8500000000000002,1.0,0.0,0.0,0.0,0.0,0.0,0.0,0,0,0,0,0,0
2026-05-13T19:32:16.047913,3.20660400390625,4,559.0,81.92,inf,inf,inf,257.0,3.1458246890298778,0.036536338,0.5459578351831539,559.0,0.01,0.01,0.02,0.01,517.0,559.0,0.02,0.04,0.04,0.01,217.0,0,17.0,0.0,4.0,1.0,14.0,0.054889369,9.0,0.0,0.0,0.0,0.0,0.0,0.0,0.0,23.0,1.0,48.0,3.0,9.0,1.0,23.0,0.7000000000000001,0.8000000000000002,0.8000000000000002,0.7000000000000001,8.0,1.0,0.8500000000000002,0.8500000000000002,0.8500000000000002,0.8500000000000002,1.0,0.0,0.0,0.0,0.0,0.0,0.0,0,0,0,0,0,0
2026-05-13T19:32:17.082256,4.240947246551514,5,355.0,81.92,inf,inf,81.92,198.0,10.04361866264677,0.001986739,10.042587375593875,355.0,0.01,0.01,0.02,0.01,323.0,355.0,0.02,0.04,0.08,0.02,125.0,0,18.0,1.0,4.0,0.0,14.0,0.001978011,2.0,0.0,0.0,0.0,0.0,0.0,0.0,0.0,18.0,1.0,35.0,2.0,9.0,0.0,18.0,0.7000000000000001,0.8000000000000002,0.8000000000000002,0.7000000000000001,6.0,1.0,0.8500000000000002,0.8500000000000002,0.8500000000000002,0.8500000000000002,1.0,0.0,0.0,0.0,0.0,0.0,0.0,0,0,0,0,0,0
2026-05-13T19:32:18.133038,5.2917304039001465,6,397.0,81.92,inf,inf,81.92,238.0,5.8171477805245395,0.003419198,5.817241353089233,397.0,0.01,0.01,0.02,0.01,365.0,397.0,0.02,0.04,0.08,0.02,141.0,0,18.0,1.0,4.0,0.0,14.0,0.003418817,3.0,0.0,0.0,0.0,0.0,0.0,0.0,0.0,18.0,1.0,37.0,2.0,9.0,1.0,18.0,0.7000000000000001,0.8000000000000002,0.8000000000000002,0.7000000000000001,6.0,1.0,0.8500000000000002,0.8500000000000002,0.8500000000000002,0.8500000000000002,1.0,0.0,0.0,0.0,0.0,0.0,0.0,0,0,0,0,0,0
2026-05-13T19:32:19.187506,6.34619665145874,7,685.0,inf,inf,inf,inf,354.0,6.687956631306473,0.002992205,6.687543132907003,685.0,0.01,0.01,0.02,0.01,638.0,685.0,0.02,0.04,0.04,0.01,259.0,0,18.0,0.0,4.0,1.0,14.0,0.002991255,3.0,0.0,0.0,0.0,0.0,0.0,0.0,0.0,24.0,1.0,53.0,3.0,9.0,0.0,24.0,0.7000000000000001,0.8000000000000002,0.8000000000000002,0.7000000000000001,8.0,1.0,0.8500000000000002,0.8500000000000002,0.8500000000000002,0.8500000000000002,1.0,0.0,0.0,0.0,0.0,0.0,0.0,0,0,0,0,0,0
2026-05-13T19:32:20.226680,7.38537073135376,8,726.0,inf,inf,inf,inf,365.0,8.177551266660108,0.002444336,8.17915376609435,726.0,0.01,0.01,0.02,0.01,672.0,726.0,0.02,0.04,0.04,0.01,276.0,0,14.0,0.0,4.0,2.0,14.0,4.176e-06,0.0,0.0,0.0,0.0,0.0,0.0,0.0,0.0,27.0,1.0,62.0,4.0,7.0,0.0,27.0,0.7000000000000001,0.8000000000000002,0.8000000000000002,0.7000000000000001,10.0,1.0,0.8500000000000002,0.8500000000000002,0.8500000000000002,0.8500000000000002,1.0,0.0,0.0,0.0,0.0,0.0,0.0,0,0,0,0,0,0
2026-05-13T19:32:21.256569,8.41525936126709,9,522.0,81.92,inf,inf,81.92,292.0,4.504784650720384,0.014641481,1.365401491829959,522.0,0.01,0.01,0.02,0.01,471.0,522.0,0.02,0.04,0.08,0.02,203.0,0,17.0,0.0,4.0,1.0,14.0,5.044e-06,1.0,0.0,0.0,0.0,0.0,0.0,0.0,0.0,25.0,1.0,51.0,3.0,9.0,0.0,25.0,0.7000000000000001,0.8000000000000002,0.8000000000000002,0.7000000000000001,9.0,1.0,0.8500000000000002,0.8500000000000002,0.8500000000000002,0.8500000000000002,1.0,0.0,0.0,0.0,0.0,0.0,0.0,0,0,0,0,0,0
2026-05-13T19:32:22.279140,9.437830924987793,10,563.0,81.92,inf,inf,81.92,308.0,5.563003240283706,0.015443703,1.9424162715379854,563.0,0.01,0.02,0.02,0.01,506.0,563.0,0.02,0.04,0.04,0.02,220.0,0,16.0,0.0,4.0,2.0,14.0,0.124930922,16.0,0.0,0.0,0.0,0.0,0.0,0.0,0.0,31.0,2.0,61.0,4.0,9.0,1.0,31.0,0.7000000000000001,0.7500000000000001,0.8000000000000002,0.7000000000000001,11.0,2.0,0.7500000000000001,0.8500000000000002,0.8500000000000002,0.7500000000000001,1.0,0.0,0.0,0.0,0.0,0.0,0.0,0,0,0,0,0,0
2026-05-13T19:32:23.304334,10.463025093078613,11,603.0,81.92,inf,inf,81.92,327.0,2.4769526609788626,0.038319146,0.5244584521794928,603.0,0.01,0.01,0.02,0.01,544.0,603.0,0.02,0.04,0.04,0.02,235.0,0,18.0,0.0,4.0,2.0,14.0,3.197e-06,0.0,0.0,0.0,0.0,0.0,0.0,0.0,0.0,33.0,2.0,63.0,4.0,9.0,0.0,33.0,0.7000000000000001,0.7500000000000001,0.8000000000000002,0.7000000000000001,12.0,2.0,0.7500000000000001,0.8500000000000002,0.8500000000000002,0.7500000000000001,1.0,0.0,0.0,0.0,0.0,0.0,0.0,0,0,0,0,0,0
2026-05-13T19:32:24.344244,11.502934694290161,12,891.0,81.92,inf,inf,inf,435.0,5.659758888874495,0.015364345,1.957662366993191,891.0,0.01,0.01,0.02,0.01,812.0,891.0,0.02,0.04,0.04,0.02,341.0,0,15.0,0.0,5.0,3.0,14.0,0.097449615,15.0,0.0,0.0,0.0,0.0,0.0,0.0,0.0,37.0,2.0,86.0,5.0,10.0,9.0,37.0,0.7000000000000001,0.8000000000000002,0.8000000000000002,0.7000000000000001,15.0,2.0,0.7500000000000001,0.8500000000000002,0.8500000000000002,0.7500000000000001,1.0,0.0,0.0,0.0,0.0,0.0,0.0,0,0,0,0,0,0
2026-05-13T19:32:25.382851,12.541542291641235,13,932.0,inf,inf,inf,inf,474.0,3.1199817116913815,0.026530026,0.7526189382550924,932.0,0.01,0.01,0.02,0.01,849.0,932.0,0.02,0.04,0.04,0.02,356.0,0,13.0,0.0,4.0,4.0,14.0,0.013425261,3.0,0.0,0.0,0.0,0.0,0.0,0.0,0.0,39.0,2.0,90.0,6.0,8.0,1.0,39.0,0.7000000000000001,0.8000000000000002,0.8000000000000002,0.7000000000000001,16.0,2.0,0.7500000000000001,0.8500000000000002,0.8500000000000002,0.7500000000000001,1.0,0.0,0.0,0.0,0.0,0.0,0.0,0,0,0,0,0,0
2026-05-13T19:32:26.420789,13.579479694366455,14,727.0,81.92,inf,inf,81.92,376.0,4.247264368360702,0.047302115,0.6365423617950275,727.0,0.01,0.02,0.02,0.01,650.0,727.0,0.02,0.04,0.08,0.02,287.0,0,19.0,0.0,4.0,3.0,14.0,9.086e-06,1.0,0.0,0.0,0.0,0.0,0.0,0.0,0.0,40.0,2.0,78.0,5.0,9.0,0.0,40.0,0.7000000000000001,0.7500000000000001,0.8000000000000002,0.7000000000000001,14.0,2.0,0.7500000000000001,0.8500000000000002,0.8500000000000002,0.7500000000000001,1.0,0.0,0.0,0.0,0.0,0.0,0.0,0,0,0,0,0,0
2026-05-13T19:32:27.461751,14.620443105697632,15,1015.0,inf,inf,inf,inf,512.0,3.21921322077412,0.026401904,0.7591232814118254,1015.0,0.01,0.01,0.02,0.01,917.0,1015.0,0.02,0.04,0.04,0.02,387.0,0,13.0,0.0,4.0,5.0,14.0,2.626e-06,0.0,0.0,0.0,0.0,0.0,0.0,0.0,0.0,46.0,3.0,102.0,7.0,8.0,0.0,46.0,0.7000000000000001,0.8000000000000002,0.8000000000000002,0.7000000000000001,19.0,3.0,0.7500000000000001,0.8500000000000002,0.8500000000000002,0.7000000000000001,1.0,0.0,0.0,0.0,0.0,0.0,0.0,0,0,0,0,0,0
2026-05-13T19:32:28.500935,15.659627199172974,16,811.0,81.92,inf,inf,81.92,404.0,6.571980421663134,0.003043744,6.569836359431017,811.0,0.01,0.02,0.02,0.01,729.0,811.0,0.02,0.04,0.08,0.02,312.0,0,17.0,0.0,4.0,4.0,14.0,0.0,1.0,0.0,0.0,0.0,0.0,0.0,0.0,0.0,46.0,2.0,90.0,6.0,8.0,0.0,46.0,0.7000000000000001,0.8000000000000002,0.8000000000000002,0.7000000000000001,15.0,2.0,0.7500000000000001,0.8500000000000002,0.8500000000000002,0.7500000000000001,1.0,0.0,0.0,0.0,0.0,0.0,0.0,0,0,0,0,0,0
2026-05-13T19:32:29.529634,16.688325881958008,17,851.0,81.92,inf,inf,81.92,430.0,4.9435322260134456,0.004045161,4.943289031017554,851.0,0.01,0.01,0.02,0.01,768.0,851.0,0.02,0.04,0.08,0.02,324.0,0,17.0,0.0,4.0,4.0,14.0,0.023878224,3.0,0.0,0.0,0.0,0.0,0.0,0.0,0.0,46.0,2.0,92.0,6.0,8.0,1.0,46.0,0.7000000000000001,0.8000000000000002,0.8000000000000002,0.7000000000000001,15.0,2.0,0.7500000000000001,0.8500000000000002,0.8500000000000002,0.7500000000000001,1.0,0.0,0.0,0.0,0.0,0.0,0.0,0,0,0,0,0,0
2026-05-13T19:32:30.577257,17.73594903945923,18,1139.0,81.92,inf,inf,inf,566.0,7.9472671008611435,0.044046496,0.6819452789161707,1139.0,0.01,0.01,0.02,0.01,1038.0,1139.0,0.02,0.04,0.08,0.02,433.0,0,15.0,0.0,4.0,6.0,14.0,0.0,0.0,0.0,0.0,0.0,0.0,0.0,0.0,0.0,53.0,3.0,115.0,8.0,8.0,0.0,53.0,0.7000000000000001,0.8000000000000002,0.8000000000000002,0.7000000000000001,22.0,3.0,0.7500000000000001,0.8500000000000002,0.8500000000000002,0.7000000000000001,1.0,0.0,0.0,0.0,0.0,0.0,0.0,0,0,0,0,0,0
2026-05-13T19:32:31.602394,18.76108455657959,19,935.0,81.92,inf,inf,81.92,464.0,6.656574722033551,0.014553922,2.0593692889105766,935.0,0.01,0.01,0.02,0.01,850.0,935.0,0.02,0.04,0.08,0.02,364.0,0,19.0,0.0,4.0,5.0,14.0,8.279e-06,0.0,0.0,0.0,0.0,0.0,0.0,0.0,0.0,54.0,2.0,103.0,7.0,9.0,0.0,54.0,0.7000000000000001,0.8000000000000002,0.8000000000000002,0.7000000000000001,15.0,2.0,0.7500000000000001,0.8500000000000002,0.8500000000000002,0.7500000000000001,1.0,0.0,0.0,0.0,0.0,0.0,0.0,0,0,0,0,0,0
2026-05-13T19:32:32.626338,19.7850284576416,20,1222.0,81.92,inf,inf,inf,590.0,2.678635653193294,0.017543421,1.141989353159797,1222.0,0.01,0.01,0.02,0.01,1110.0,1222.0,0.02,0.04,0.04,0.02,465.0,0,13.0,0.0,4.0,7.0,14.0,0.0,0.0,0.0,0.0,0.0,0.0,0.0,0.0,0.0,58.0,3.0,127.0,9.0,8.0,0.0,58.0,0.7000000000000001,0.8000000000000002,0.8000000000000002,0.7000000000000001,24.0,3.0,0.7500000000000001,0.8500000000000002,0.8500000000000002,0.7000000000000001,1.0,0.0,0.0,0.0,0.0,0.0,0.0,0,0,0,0,0,0
2026-05-13T19:32:33.681447,20.840138912200928,21,1018.0,81.92,inf,inf,81.92,498.0,2.2082063703291275,0.019189395,1.0539467242192886,1018.0,0.01,0.01,0.02,0.01,926.0,1018.0,0.02,0.04,0.08,0.02,397.0,0,17.0,0.0,4.0,6.0,14.0,0.0,0.0,0.0,0.0,0.0,0.0,0.0,0.0,0.0,60.0,2.0,116.0,8.0,8.0,0.0,60.0,0.7000000000000001,0.8000000000000002,0.8000000000000002,0.7000000000000001,17.0,2.0,0.7500000000000001,0.8500000000000002,0.8500000000000002,0.7500000000000001,1.0,0.0,0.0,0.0,0.0,0.0,0.0,0,0,0,0,0,0
2026-05-13T19:32:34.711977,21.870668172836304,22,1305.0,81.92,inf,inf,inf,613.0,3.6301322451256306,0.02561137,0.7801456931042736,1305.0,0.01,0.01,0.02,0.01,1188.0,1305.0,0.02,0.04,0.04,0.02,498.0,0,16.0,0.0,4.0,7.0,14.0,0.0,0.0,0.0,0.0,0.0,0.0,0.0,0.0,0.0,61.0,3.0,133.0,9.0,9.0,1.0,61.0,0.7000000000000001,0.8000000000000002,0.8000000000000002,0.7000000000000001,25.0,3.0,0.7500000000000001,0.8500000000000002,0.8500000000000002,0.7000000000000001,1.0,0.0,0.0,0.0,0.0,0.0,0.0,0,0,0,0,0,0
2026-05-13T19:32:35.745996,22.904687881469727,23,1100.0,81.92,inf,inf,81.92,522.0,6.788247099087067,0.034581446,0.8670227381469242,1100.0,0.01,0.01,0.02,0.01,1004.0,1100.0,0.02,0.04,0.04,0.02,433.0,0,14.0,0.0,4.0,7.0,14.0,0.0,0.0,0.0,0.0,0.0,0.0,0.0,0.0,0.0,65.0,2.0,127.0,9.0,8.0,0.0,65.0,0.7000000000000001,0.8000000000000002,0.8000000000000002,0.7000000000000001,18.0,2.0,0.7500000000000001,0.8500000000000002,0.8500000000000002,0.7500000000000001,1.0,0.0,0.0,0.0,0.0,0.0,0.0,0,0,0,0,0,0
2026-05-13T19:32:36.785931,23.94462013244629,24,1388.0,81.92,inf,inf,inf,667.0,8.524984665150905,0.023671036,1.2687953328278492,1388.0,0.01,0.01,0.02,0.01,1269.0,1388.0,0.02,0.04,0.04,0.02,515.0,0,14.0,0.0,4.0,8.0,14.0,0.0,0.0,0.0,0.0,0.0,0.0,0.0,0.0,0.0,65.0,3.0,143.0,10.0,9.0,0.0,65.0,0.7000000000000001,0.8000000000000002,0.8000000000000002,0.7000000000000001,27.0,3.0,0.7500000000000001,0.8500000000000002,0.8500000000000002,0.7000000000000001,1.0,0.0,0.0,0.0,0.0,0.0,0.0,0,0,0,0,0,0
2026-05-13T19:32:37.805801,24.96449303627014,25,1182.0,81.92,inf,inf,81.92,560.0,4.56029094455692,0.026082868,1.041154676701964,1182.0,0.01,0.01,0.02,0.01,1085.0,1182.0,0.02,0.04,0.04,0.02,456.0,0,16.0,0.0,4.0,7.0,14.0,0.0,0.0,0.0,0.0,0.0,0.0,0.0,0.0,0.0,67.0,2.0,130.0,9.0,8.0,0.0,67.0,0.7000000000000001,0.8000000000000002,0.8000000000000002,0.7000000000000001,18.0,2.0,0.7500000000000001,0.8500000000000002,0.8500000000000002,0.7500000000000001,1.0,0.0,0.0,0.0,0.0,0.0,0.0,0,0,0,0,0,0
2026-05-13T19:32:38.856969,26.015660762786865,26,1471.0,81.92,inf,inf,inf,669.0,6.144435469641203,0.014957668,2.0068168380258204,1471.0,0.01,0.01,0.02,0.01,1351.0,1471.0,0.02,0.04,0.04,0.02,566.0,0,14.0,0.0,4.0,9.0,14.0,5.746e-06,0.0,0.0,0.0,0.0,0.0,0.0,0.0,0.0,69.0,3.0,154.0,11.0,9.0,0.0,69.0,0.7000000000000001,0.8000000000000002,0.8000000000000002,0.7000000000000001,27.0,3.0,0.7500000000000001,0.8500000000000002,0.8500000000000002,0.7000000000000001,1.0,0.0,0.0,0.0,0.0,0.0,0.0,0,0,0,0,0,0
2026-05-13T19:32:39.887117,27.045806407928467,27,1265.0,81.92,inf,inf,81.92,625.0,5.528412435810466,0.003616315,5.52858365490838,1265.0,0.01,0.01,0.02,0.01,1164.0,1265.0,0.02,0.04,0.04,0.02,506.0,0,15.0,0.0,4.0,8.0,14.0,3.232e-06,0.0,0.0,0.0,0.0,0.0,0.0,0.0,0.0,71.0,3.0,143.0,10.0,9.0,0.0,71.0,0.7000000000000001,0.8000000000000002,0.8000000000000002,0.7000000000000001,19.0,3.0,0.7500000000000001,0.8500000000000002,0.8500000000000002,0.7000000000000001,1.0,0.0,0.0,0.0,0.0,0.0,0.0,0,0,0,0,0,0
2026-05-13T19:32:40.946124,28.10481548309326,28,1308.0,81.92,inf,inf,81.92,627.0,11.268102851913838,0.002663879,11.263124188448499,1308.0,0.01,0.01,0.02,0.01,1207.0,1308.0,0.02,0.04,0.08,0.02,515.0,0,16.0,0.0,4.0,8.0,14.0,4.835e-06,0.0,0.0,0.0,0.0,0.0,0.0,0.0,0.0,72.0,3.0,145.0,10.0,9.0,1.0,72.0,0.7000000000000001,0.8000000000000002,0.8000000000000002,0.7000000000000001,19.0,3.0,0.7500000000000001,0.8500000000000002,0.8500000000000002,0.7000000000000001,1.0,0.0,0.0,0.0,0.0,0.0,0.0,0,0,0,0,0,0
2026-05-13T19:32:41.991147,29.14983868598938,29,1595.0,81.92,inf,inf,inf,728.0,5.640204679312927,0.023644797,0.8445621250205702,1595.0,0.01,0.01,0.02,0.01,1471.0,1595.0,0.02,0.04,0.08,0.02,600.0,0,16.0,0.0,4.0,10.0,14.0,0.0,0.0,0.0,0.0,0.0,0.0,0.0,0.0,0.0,76.0,4.0,166.0,12.0,9.0,0.0,76.0,0.7000000000000001,0.8000000000000002,0.8000000000000002,0.7000000000000001,29.0,4.0,0.7000000000000001,0.8500000000000002,0.8500000000000002,0.7000000000000001,2.0,0.0,0.0,0.0,0.0,0.0,0.0,0,0,0,0,0,0
2026-05-13T19:32:43.049894,30.208583116531372,30,1392.0,81.92,inf,inf,81.92,683.0,4.281591745569326,0.017070587,1.7566355509626002,1392.0,0.01,0.01,0.02,0.01,1286.0,1392.0,0.02,0.04,0.08,0.02,540.0,0,18.0,0.0,4.0,9.0,14.0,0.0,1.0,0.0,0.0,0.0,0.0,0.0,0.0,0.0,79.0,4.0,156.0,11.0,9.0,0.0,79.0,0.7000000000000001,0.8000000000000002,0.8000000000000002,0.7000000000000001,24.0,4.0,0.7000000000000001,0.8500000000000002,0.8500000000000002,0.7000000000000001,2.0,0.0,0.0,0.0,0.0,0.0,0.0,0,0,0,0,0,0
2026-05-13T19:32:44.098915,31.257606744766235,31,1680.0,81.92,inf,inf,inf,753.0,11.271665206510034,0.001772373,11.26613867396987,1680.0,0.01,0.01,0.02,0.01,1543.0,1680.0,0.02,0.04,0.08,0.02,640.0,0,18.0,0.0,4.0,10.0,14.0,4.922e-06,0.0,0.0,0.0,0.0,0.0,0.0,0.0,0.0,78.0,4.0,172.0,12.0,9.0,1.0,78.0,0.7000000000000001,0.8000000000000002,0.8000000000000002,0.7000000000000001,31.0,4.0,0.7000000000000001,0.8500000000000002,0.8500000000000002,0.7000000000000001,2.0,0.0,0.0,0.0,0.0,0.0,0.0,0,0,0,0,0,0
2026-05-13T19:32:45.114740,32.27343130111694,32,1475.0,81.92,inf,inf,81.92,711.0,6.784632163601967,0.004948017,6.052323587408855,1475.0,0.01,0.01,0.02,0.01,1352.0,1475.0,0.02,0.04,0.08,0.02,581.0,0,18.0,0.0,4.0,10.0,14.0,0.0,1.0,0.0,0.0,0.0,0.0,0.0,0.0,0.0,85.0,4.0,167.0,12.0,9.0,0.0,85.0,0.7000000000000001,0.8000000000000002,0.8000000000000002,0.7000000000000001,26.0,4.0,0.7000000000000001,0.8500000000000002,0.8500000000000002,0.7000000000000001,2.0,0.0,0.0,0.0,0.0,0.0,0.0,0,0,0,0,0,0
2026-05-13T19:32:46.152952,33.31164360046387,33,1762.0,81.92,inf,inf,inf,785.0,3.203848944114752,0.01622193,1.2237138244339607,1762.0,0.01,0.01,0.02,0.01,1617.0,1762.0,0.02,0.04,0.08,0.02,664.0,0,18.0,0.0,4.0,11.0,14.0,2.2758e-05,0.0,0.0,0.0,0.0,0.0,0.0,0.0,0.0,85.0,4.0,184.0,13.0,8.0,0.0,85.0,0.7000000000000001,0.8000000000000002,0.8000000000000002,0.7000000000000001,33.0,4.0,0.7000000000000001,0.8500000000000002,0.8500000000000002,0.7000000000000001,2.0,0.0,0.0,0.0,0.0,0.0,0.0,0,0,0,0,0,0
2026-05-13T19:32:47.199453,34.35814380645752,34,1558.0,81.92,inf,inf,81.92,759.0,9.292564814539391,0.013299505,2.2558959901139177,1558.0,0.01,0.01,0.02,0.01,1430.0,1558.0,0.02,0.04,0.08,0.02,609.0,0,19.0,0.0,4.0,11.0,14.0,0.0,0.0,0.0,0.0,0.0,0.0,0.0,0.0,0.0,94.0,4.0,179.0,13.0,9.0,0.0,94.0,0.7000000000000001,0.8000000000000002,0.8000000000000002,0.7000000000000001,27.0,4.0,0.7000000000000001,0.8500000000000002,0.8500000000000002,0.7000000000000001,2.0,0.0,0.0,0.0,0.0,0.0,0.0,0,0,0,0,0,0
2026-05-13T19:32:48.234372,35.393062353134155,35,1599.0,81.92,inf,inf,81.92,775.0,1.5001278332622996,0.013383537,1.4941117583490824,1599.0,0.01,0.01,0.02,0.01,1470.0,1599.0,0.02,0.04,0.08,0.02,628.0,0,19.0,0.0,4.0,11.0,14.0,0.013337854,4.0,0.0,0.0,0.0,0.0,0.0,0.0,0.0,94.0,4.0,180.0,13.0,9.0,0.0,94.0,0.7000000000000001,0.8000000000000002,0.8000000000000002,0.7000000000000001,27.0,4.0,0.7000000000000001,0.8500000000000002,0.8500000000000002,0.7000000000000001,2.0,0.0,0.0,0.0,0.0,0.0,0.0,0,0,0,0,0,0
2026-05-13T19:32:49.279525,36.43821740150452,36,1641.0,81.92,inf,inf,81.92,801.0,3.8007554386225175,0.01531314,1.3061984674599723,1641.0,0.01,0.01,0.02,0.01,1510.0,1641.0,0.02,0.04,0.08,0.02,642.0,0,19.0,0.0,4.0,11.0,14.0,0.0,0.0,0.0,0.0,0.0,0.0,0.0,0.0,0.0,94.0,4.0,183.0,13.0,9.0,0.0,94.0,0.7000000000000001,0.8000000000000002,0.8000000000000002,0.7000000000000001,27.0,4.0,0.7000000000000001,0.8500000000000002,0.8500000000000002,0.7000000000000001,2.0,0.0,0.0,0.0,0.0,0.0,0.0,0,0,0,0,0,0
2026-05-13T19:32:50.326340,37.48503088951111,37,1928.0,81.92,inf,inf,inf,825.0,2.875218951232963,0.027072368,0.7380218826812639,1928.0,0.01,0.01,0.02,0.01,1773.0,1928.0,0.02,0.04,0.08,0.02,725.0,0,18.0,0.0,4.0,13.0,14.0,3.151e-06,0.0,0.0,0.0,0.0,0.0,0.0,0.0,0.0,96.0,5.0,207.0,15.0,9.0,0.0,96.0,0.7000000000000001,0.8000000000000002,0.8500000000000002,0.7000000000000001,34.0,5.0,0.7500000000000001,0.8500000000000002,0.8500000000000002,0.7000000000000001,2.0,0.0,0.0,0.0,0.0,0.0,0.0,0,0,0,0,0,0
2026-05-13T19:32:51.386645,38.54533672332764,38,1725.0,81.92,inf,inf,81.92,860.0,5.69573148815378,0.00354562,5.693954794930082,1725.0,0.01,0.01,0.02,0.01,1585.0,1725.0,0.02,0.04,0.08,0.02,680.0,0,20.0,0.0,4.0,12.0,14.0,5.906e-06,0.0,0.0,0.0,0.0,0.0,0.0,0.0,0.0,101.0,4.0,196.0,14.0,9.0,0.0,101.0,0.7000000000000001,0.8000000000000002,0.8000000000000002,0.7000000000000001,28.0,4.0,0.7000000000000001,0.8500000000000002,0.8500000000000002,0.7000000000000001,2.0,0.0,0.0,0.0,0.0,0.0,0.0,0,0,0,0,0,0
2026-05-13T19:32:52.450127,39.6088171005249,39,2013.0,81.92,inf,inf,81.92,843.0,5.8479839829307325,0.003422161,5.846598099855618,2013.0,0.01,0.01,0.02,0.01,1849.0,2013.0,0.02,0.04,0.08,0.02,767.0,0,16.0,0.0,4.0,14.0,14.0,0.003406282,2.0,0.0,0.0,0.0,0.0,0.0,0.0,0.0,103.0,5.0,219.0,16.0,8.0,0.0,103.0,0.7000000000000001,0.8000000000000002,0.8000000000000002,0.7000000000000001,36.0,5.0,0.7500000000000001,0.8500000000000002,0.8500000000000002,0.7000000000000001,2.0,0.0,0.0,0.0,0.0,0.0,0.0,0,0,0,0,0,0
2026-05-13T19:32:53.486717,40.64540886878967,40,1809.0,81.92,inf,inf,81.92,895.0,3.4452291508076867,0.025954098,0.7726795205905442,1809.0,0.01,0.01,0.02,0.01,1664.0,1809.0,0.02,0.04,0.08,0.02,701.0,0,19.0,0.0,4.0,13.0,14.0,2.6375e-05,0.0,0.0,0.0,0.0,0.0,0.0,0.0,0.0,108.0,4.0,207.0,15.0,9.0,0.0,108.0,0.7000000000000001,0.8000000000000002,0.8000000000000002,0.7000000000000001,31.0,4.0,0.7000000000000001,0.8500000000000002,0.8500000000000002,0.7000000000000001,2.0,0.0,0.0,0.0,0.0,0.0,0.0,0,0,0,0,0,0
2026-05-13T19:32:54.507517,41.66620898246765,41,2095.0,81.92,inf,inf,81.92,883.0,3.494329418577186,0.048822714,0.6143247177942627,2095.0,0.01,0.01,0.02,0.01,1931.0,2095.0,0.02,0.04,0.08,0.02,797.0,0,18.0,0.0,4.0,14.0,14.0,3.085e-06,0.0,0.0,0.0,0.0,0.0,0.0,0.0,0.0,105.0,5.0,223.0,16.0,9.0,0.0,105.0,0.7000000000000001,0.8000000000000002,0.8000000000000002,0.7000000000000001,37.0,5.0,0.7500000000000001,0.8500000000000002,0.8500000000000002,0.7000000000000001,2.0,0.0,0.0,0.0,0.0,0.0,0.0,0,0,0,0,0,0
2026-05-13T19:32:55.539649,42.69833946228027,42,2137.0,81.92,inf,inf,81.92,906.0,6.47871842235495,0.014767315,2.0235702969700315,2137.0,0.01,0.01,0.02,0.01,1967.0,2137.0,0.02,0.04,0.08,0.02,812.0,0,17.0,0.0,4.0,15.0,14.0,6.062e-06,0.0,0.0,0.0,0.0,0.0,0.0,0.0,0.0,110.0,5.0,233.0,17.0,8.0,0.0,110.0,0.7000000000000001,0.8000000000000002,0.8000000000000002,0.7000000000000001,37.0,5.0,0.7500000000000001,0.8500000000000002,0.8500000000000002,0.7000000000000001,2.0,0.0,0.0,0.0,0.0,0.0,0.0,0,0,0,0,0,0
2026-05-13T19:32:56.583582,43.742273807525635,43,1932.0,81.92,inf,inf,81.92,955.0,6.365080709764365,0.054967407,0.5453941096402819,1932.0,0.01,0.01,0.02,0.01,1778.0,1932.0,0.02,0.04,0.08,0.02,735.0,0,18.0,0.0,4.0,14.0,14.0,2.741e-06,0.0,0.0,0.0,0.0,0.0,0.0,0.0,0.0,116.0,4.0,221.0,16.0,8.0,0.0,116.0,0.7000000000000001,0.8000000000000002,0.8000000000000002,0.7000000000000001,35.0,4.0,0.7000000000000001,0.8500000000000002,0.8500000000000002,0.7000000000000001,2.0,0.0,0.0,0.0,0.0,0.0,0.0,0,0,0,0,0,0
2026-05-13T19:32:57.615172,44.7738618850708,44,2218.0,81.92,inf,inf,81.92,938.0,4.563554371992093,0.024571147,0.8132099002134494,2218.0,0.01,0.01,0.02,0.01,2044.0,2218.0,0.02,0.04,0.08,0.02,827.0,0,19.0,0.0,4.0,15.0,14.0,0.0,0.0,0.0,0.0,0.0,0.0,0.0,0.0,0.0,112.0,5.0,237.0,17.0,9.0,0.0,112.0,0.7000000000000001,0.8000000000000002,0.8000000000000002,0.7000000000000001,38.0,5.0,0.7500000000000001,0.8500000000000002,0.8500000000000002,0.7000000000000001,2.0,0.0,0.0,0.0,0.0,0.0,0.0,0,0,0,0,0,0
2026-05-13T19:32:58.653737,45.81242752075195,45,2014.0,81.92,inf,inf,81.92,982.0,3.8980661209269116,0.035282792,0.5664744445394231,2014.0,0.01,0.01,0.02,0.01,1860.0,2014.0,0.02,0.04,0.08,0.02,758.0,0,18.0,0.0,4.0,15.0,14.0,0.045014742,9.0,0.0,0.0,0.0,0.0,0.0,0.0,0.0,122.0,4.0,233.0,17.0,9.0,1.0,122.0,0.7000000000000001,0.8000000000000002,0.8000000000000002,0.7000000000000001,35.0,4.0,0.7000000000000001,0.8500000000000002,0.8500000000000002,0.7000000000000001,2.0,0.0,0.0,0.0,0.0,0.0,0.0,0,0,0,0,0,0
2026-05-13T19:32:59.696803,46.85549473762512,46,2301.0,81.92,inf,inf,81.92,991.0,4.285499291041257,0.048266594,0.6772841688394254,2301.0,0.01,0.01,0.02,0.01,2121.0,2301.0,0.02,0.04,0.04,0.02,858.0,0,19.0,0.0,4.0,16.0,14.0,5.52e-06,1.0,0.0,0.0,0.0,0.0,0.0,0.0,0.0,119.0,5.0,249.0,18.0,9.0,0.0,119.0,0.7000000000000001,0.8000000000000002,0.8000000000000002,0.7000000000000001,41.0,5.0,0.7500000000000001,0.8500000000000002,0.8500000000000002,0.7000000000000001,2.0,0.0,0.0,0.0,0.0,0.0,0.0,0,0,0,0,0,0
2026-05-13T19:33:00.740583,47.89927434921265,47,2098.0,81.92,inf,inf,81.92,1046.0,3.430612112430874,0.005847012,3.416839233440944,2098.0,0.01,0.01,0.02,0.01,1939.0,2098.0,0.02,0.04,0.08,0.02,789.0,0,20.0,0.0,4.0,15.0,14.0,6.136e-06,1.0,0.0,0.0,0.0,0.0,0.0,0.0,0.0,124.0,4.0,236.0,17.0,9.0,0.0,124.0,0.7000000000000001,0.8000000000000002,0.8000000000000002,0.7000000000000001,35.0,4.0,0.7000000000000001,0.8500000000000002,0.8500000000000002,0.7000000000000001,2.0,0.0,0.0,0.0,0.0,0.0,0.0,0,0,0,0,0,0
2026-05-13T19:33:01.766631,48.92532229423523,48,2138.0,81.92,inf,inf,81.92,1066.0,4.071032962051595,0.035685335,0.6281908240457881,2138.0,0.01,0.01,0.02,0.01,1977.0,2138.0,0.02,0.04,0.08,0.02,806.0,0,15.0,0.0,4.0,16.0,14.0,0.012821196,4.0,0.0,0.0,0.0,0.0,0.0,0.0,0.0,127.0,4.0,246.0,18.0,9.0,1.0,127.0,0.7000000000000001,0.8000000000000002,0.8000000000000002,0.7000000000000001,35.0,4.0,0.7000000000000001,0.8500000000000002,0.8500000000000002,0.7000000000000001,2.0,0.0,0.0,0.0,0.0,0.0,0.0,0,0,0,0,0,0
2026-05-13T19:33:02.799493,49.95818376541138,49,2180.0,81.92,inf,inf,81.92,1099.0,4.735380640707402,0.016402653,1.819644663579727,2180.0,0.01,0.01,0.02,0.01,2019.0,2180.0,0.02,0.04,0.08,0.02,824.0,0,16.0,0.0,4.0,16.0,14.0,2.9343e-05,0.0,0.0,0.0,0.0,0.0,0.0,0.0,0.0,128.0,4.0,248.0,18.0,9.0,0.0,128.0,0.7000000000000001,0.8000000000000002,0.8000000000000002,0.7000000000000001,35.0,4.0,0.7000000000000001,0.8500000000000002,0.8500000000000002,0.7000000000000001,2.0,0.0,0.0,0.0,0.0,0.0,0.0,0,0,0,0,0,0
2026-05-13T19:33:03.823955,50.982646226882935,50,2467.0,81.92,inf,inf,81.92,1090.0,2.5574976601753887,0.017888293,1.1203248962883157,2467.0,0.01,0.01,0.02,0.01,2272.0,2467.0,0.02,0.04,0.04,0.02,927.0,0,17.0,0.0,5.0,17.0,14.0,0.178507601,23.0,0.0,0.0,0.0,0.0,0.0,0.0,0.0,127.0,5.0,272.0,20.0,10.0,8.0,127.0,0.7000000000000001,0.8000000000000002,0.8000000000000002,0.7000000000000001,42.0,5.0,0.7500000000000001,0.8500000000000002,0.8500000000000002,0.7000000000000001,2.0,0.0,0.0,0.0,0.0,0.0,0.0,0,0,0,0,0,0
2026-05-13T19:33:04.849283,52.00797414779663,51,2507.0,81.92,inf,inf,81.92,1107.0,4.0142237136983,0.047857771,0.6270705754348651,2507.0,0.01,0.01,0.02,0.01,2309.0,2507.0,0.02,0.04,0.04,0.02,944.0,0,16.0,0.0,4.0,18.0,14.0,3.156e-05,2.0,0.0,0.0,0.0,0.0,0.0,0.0,0.0,129.0,5.0,275.0,20.0,9.0,0.0,129.0,0.7000000000000001,0.8000000000000002,0.8000000000000002,0.7000000000000001,43.0,5.0,0.7500000000000001,0.8500000000000002,0.8500000000000002,0.7000000000000001,2.0,0.0,0.0,0.0,0.0,0.0,0.0,0,0,0,0,0,0
2026-05-13T19:33:05.914127,53.072818994522095,52,2550.0,81.92,inf,inf,81.92,1107.0,2.986171992739646,0.026904593,0.7430255495780962,2550.0,0.01,0.01,0.02,0.01,2352.0,2550.0,0.02,0.04,0.08,0.02,954.0,0,17.0,0.0,4.0,18.0,14.0,5.046e-06,0.0,0.0,0.0,0.0,0.0,0.0,0.0,0.0,130.0,5.0,277.0,20.0,9.0,0.0,130.0,0.7000000000000001,0.8000000000000002,0.8000000000000002,0.7000000000000001,44.0,5.0,0.7500000000000001,0.8500000000000002,0.8500000000000002,0.7000000000000001,2.0,0.0,0.0,0.0,0.0,0.0,0.0,0,0,0,0,0,0
2026-05-13T19:33:06.946090,54.10478067398071,53,2347.0,81.92,inf,inf,81.92,1200.0,5.032591135713513,0.046172917,0.6500477325268403,2347.0,0.01,0.01,0.02,0.01,2173.0,2347.0,0.02,0.04,0.08,0.02,895.0,0,18.0,0.0,5.0,17.0,14.0,0.168497183,32.0,0.0,0.0,0.0,0.0,0.0,0.0,0.0,139.0,4.0,272.0,20.0,10.0,8.0,139.0,0.7000000000000001,0.8000000000000002,0.8000000000000002,0.7000000000000001,40.0,4.0,0.7000000000000001,0.8500000000000002,0.8500000000000002,0.7000000000000001,2.0,0.0,0.0,0.0,0.0,0.0,0.0,0,0,0,0,0,0
2026-05-13T19:33:07.981866,55.14055800437927,54,2387.0,81.92,inf,inf,81.92,1237.0,4.963594988396224,0.00405445,4.944517752099545,2387.0,0.01,0.01,0.02,0.01,2210.0,2387.0,0.02,0.04,0.08,0.02,911.0,0,18.0,0.0,4.0,18.0,14.0,0.004013951,3.0,0.0,0.0,0.0,0.0,0.0,0.0,0.0,142.0,4.0,275.0,20.0,8.0,0.0,142.0,0.7000000000000001,0.8000000000000002,0.8000000000000002,0.7000000000000001,41.0,4.0,0.7000000000000001,0.8500000000000002,0.8500000000000002,0.7000000000000001,2.0,0.0,0.0,0.0,0.0,0.0,0.0,0,0,0,0,0,0
2026-05-13T19:33:09.007218,56.16590905189514,55,2427.0,81.92,inf,inf,81.92,1252.0,9.43481524527003,0.002124539,9.430281110396185,2427.0,0.01,0.01,0.02,0.01,2240.0,2427.0,0.02,0.04,0.08,0.02,924.0,0,19.0,0.0,4.0,18.0,14.0,5.674e-06,0.0,0.0,0.0,0.0,0.0,0.0,0.0,0.0,143.0,4.0,277.0,20.0,8.0,0.0,143.0,0.7000000000000001,0.8000000000000002,0.8000000000000002,0.7000000000000001,41.0,4.0,0.7000000000000001,0.8500000000000002,0.8500000000000002,0.7000000000000001,2.0,0.0,0.0,0.0,0.0,0.0,0.0,0,0,0,0,0,0
2026-05-13T19:33:10.035331,57.19402313232422,56,2716.0,81.92,inf,inf,81.92,1195.0,5.087282328305782,0.05642774,0.5316906188339282,2716.0,0.01,0.01,0.02,0.01,2502.0,2716.0,0.02,0.04,0.08,0.02,1012.0,0,16.0,0.0,4.0,20.0,14.0,0.0,0.0,0.0,0.0,0.0,0.0,0.0,0.0,0.0,142.0,5.0,300.0,22.0,8.0,0.0,142.0,0.7000000000000001,0.8000000000000002,0.8000000000000002,0.7000000000000001,46.0,5.0,0.7500000000000001,0.8500000000000002,0.8500000000000002,0.7000000000000001,2.0,0.0,0.0,0.0,0.0,0.0,0.0,0,0,0,0,0,0
2026-05-13T19:33:11.081374,58.240065813064575,57,2756.0,81.92,inf,inf,81.92,1200.0,7.5720218797555034,0.003965409,7.569736186103377,2756.0,0.01,0.01,0.02,0.01,2538.0,2756.0,0.02,0.04,0.08,0.02,1027.0,0,18.0,0.0,4.0,20.0,14.0,5.065e-06,0.0,0.0,0.0,0.0,0.0,0.0,0.0,0.0,144.0,5.0,303.0,22.0,8.0,0.0,144.0,0.7000000000000001,0.8000000000000002,0.8000000000000002,0.7000000000000001,47.0,5.0,0.7500000000000001,0.8500000000000002,0.8500000000000002,0.7000000000000001,2.0,0.0,0.0,0.0,0.0,0.0,0.0,0,0,0,0,0,0
2026-05-13T19:33:12.111135,59.26982665061951,58,2553.0,81.92,inf,inf,81.92,1325.0,9.30243583653434,0.00322821,9.299487951527317,2553.0,0.01,0.01,0.02,0.01,2353.0,2553.0,0.02,0.04,0.08,0.02,981.0,0,19.0,0.0,5.0,19.0,14.0,0.24953257,42.0,0.0,0.0,0.0,0.0,0.0,0.0,0.0,154.0,4.0,298.0,22.0,10.0,0.0,154.0,0.7000000000000001,0.8000000000000002,0.8000000000000002,0.7000000000000001,44.0,4.0,0.7000000000000001,0.8500000000000002,0.8500000000000002,0.7000000000000001,2.0,0.0,0.0,0.0,0.0,0.0,0.0,0,0,0,0,0,0
2026-05-13T19:33:13.158062,60.31675314903259,59,2840.0,81.92,inf,inf,81.92,1257.0,2.362156050021895,0.008751119,2.2880845295327377,2840.0,0.01,0.01,0.02,0.01,2618.0,2840.0,0.02,0.04,0.08,0.02,1070.0,0,16.0,0.0,4.0,21.0,14.0,0.050447167,9.0,0.0,0.0,0.0,0.0,0.0,0.0,0.0,149.0,5.0,314.0,23.0,9.0,1.0,149.0,0.7000000000000001,0.8000000000000002,0.8000000000000002,0.7000000000000001,48.0,5.0,0.7500000000000001,0.8500000000000002,0.8500000000000002,0.7000000000000001,2.0,0.0,0.0,0.0,0.0,0.0,0.0,0,0,0,0,0,0
