now_sec,tracked_pose_stamp,odom_stamp,stamp_delta_sec,x,y,yaw,use_sim_time
1779099286.575577974,1779099286.575577974,1779099286.575577974,0.000000000,-0.000182158,-0.001153456,-0.000594134,1
1779099286.625625372,1779099286.625625372,1779099286.625625372,0.000000000,-0.012475891,-0.001207180,-0.002398609,1
1779099286.675589561,1779099286.675589561,1779099286.675589561,0.000000000,-0.012335989,0.002791339,-0.003620288,1
1779099286.725564003,1779099286.725564003,1779099286.725564003,0.000000000,-0.013361151,0.000829970,-0.003821197,1
1779099286.775619745,1779099286.775619984,1779099286.775619984,0.000000000,-0.010257408,-0.000603575,-0.004928524,1
1779099286.825572252,1779099286.825572491,1779099286.825572491,0.000000000,-0.008209342,-0.003840883,-0.003406671,1
1779099286.875564575,1779099286.875564575,1779099286.875564575,0.000000000,-0.016099964,-0.003822109,-0.002468098,1
1779099286.925546408,1779099286.925546408,1779099286.925546408,0.000000000,-0.011058427,0.002686511,-0.003787720,1
1779099286.975533247,1779099286.975533247,1779099286.975533247,0.000000000,-0.011874575,-0.000902639,-0.003635295,1
1779099287.025543928,1779099287.025543928,1779099287.025543928,0.000000000,-0.011907935,-0.001643848,-0.003107480,1
1779099287.075547695,1779099287.075547695,1779099287.075547695,0.000000000,-0.010154285,-0.004609951,-0.003343047,1
1779099287.125547409,1779099287.125547647,1779099287.125547647,0.000000000,-0.011909163,0.002165197,-0.002977710,1
1779099287.175539255,1779099287.175539255,1779099287.175539255,0.000000000,-0.019918266,0.000162826,-0.001573464,1
1779099287.225535631,1779099287.225535870,1779099287.225535870,0.000000000,-0.008865503,-0.001629632,-0.003292012,1
1779099287.275541306,1779099287.275541306,1779099287.275541306,0.000000000,-0.009928140,-0.000506584,-0.003894743,1
1779099287.325538635,1779099287.325538397,1779099287.325538397,0.000000000,-0.009870241,-0.001420897,-0.003419839,1
1779099287.550493002,1779099287.550493002,1779099287.550493002,0.000000000,-0.009573652,0.003796590,-0.003599308,1
1779099287.625500441,1779099287.625500202,1779099287.625500202,0.000000000,-0.014204979,-0.004416361,-0.002334173,1
1779099287.675496340,1779099287.675496340,1779099287.675496340,0.000000000,-0.007919988,0.001929070,-0.004639394,1
1779099287.725489855,1779099287.725489855,1779099287.725489855,0.000000000,-0.011987942,-0.002195622,-0.003310952,1
1779099287.775487900,1779099287.775487900,1779099287.775487900,0.000000000,-0.012669846,0.002153210,-0.003078511,1
1779099287.825515747,1779099287.825515747,1779099287.825515747,0.000000000,-0.011687723,-0.004691512,-0.002739047,1
1779099287.875485659,1779099287.875485897,1779099287.875485897,0.000000000,-0.009047015,-0.000868680,-0.003582882,1
1779099287.925496817,1779099287.925496817,1779099287.925496817,0.000000000,-0.011996268,0.002461943,-0.002933964,1
1779099287.975486040,1779099287.975486040,1779099287.975486040,0.000000000,-0.013120005,-0.001598979,-0.003088794,1
1779099288.025527954,1779099288.025528193,1779099288.025528193,0.000000000,-0.013678675,-0.000256406,-0.003659302,1
1779099288.050528049,1779099288.050528049,1779099288.050528049,0.000000000,-0.013678660,-0.000252408,-0.003696048,1
1779099288.125513315,1779099288.125513315,1779099288.125513315,0.000000000,-0.015346665,-0.000947601,-0.002819083,1
1779099288.175508499,1779099288.175508499,1779099288.175508499,0.000000000,-0.011220553,-0.007997513,-0.001757718,1
1779099288.225493193,1779099288.225493193,1779099288.225493193,0.000000000,-0.011701980,0.006243426,-0.003927998,1
1779099288.275492191,1779099288.275492191,1779099288.275492191,0.000000000,-0.012064922,0.004699817,-0.004920352,1
1779099288.325490713,1779099288.325490713,1779099288.325490713,0.000000000,-0.012449415,-0.001173617,-0.003084493,1
1779099288.350487232,1779099288.350487471,1779099288.350487471,0.000000000,-0.008738571,-0.003558083,-0.004019303,1
1779099288.400503397,1779099288.400503397,1779099288.400503397,0.000000000,-0.012945525,0.001279081,-0.003079494,1
1779099288.475487709,1779099288.475487947,1779099288.475487947,0.000000000,-0.010970576,-0.001109008,-0.002832486,1
1779099288.525485754,1779099288.525485992,1779099288.525485992,0.000000000,-0.009929494,-0.001308169,-0.003539404,1
1779099288.575486898,1779099288.575486898,1779099288.575486898,0.000000000,-0.008776413,0.001459293,-0.003241933,1
1779099288.625488043,1779099288.625488043,1779099288.625488043,0.000000000,-0.007819247,0.008249025,-0.005617877,1
1779099288.675485849,1779099288.675485849,1779099288.675485849,0.000000000,-0.009149177,-0.005928622,-0.003869623,1
1779099288.700488806,1779099288.700488567,1779099288.700488567,0.000000000,-0.011022738,-0.006985365,-0.003005430,1
1779099288.750485420,1779099288.750485420,1779099288.750485420,0.000000000,-0.015000388,0.001221601,-0.002637553,1
1779099288.825486183,1779099288.825486183,1779099288.825486183,0.000000000,-0.010404851,-0.002325294,-0.003228250,1
1779099288.850486040,1779099288.850486040,1779099288.850486040,0.000000000,-0.010405668,-0.002578367,-0.003273076,1
1779099288.900484324,1779099288.900484324,1779099288.900484324,0.000000000,-0.013775633,-0.001330038,-0.002943666,1
1779099288.975507498,1779099288.975507498,1779099288.975507498,0.000000000,-0.012266071,-0.000341161,-0.004270675,1
1779099289.025487900,1779099289.025487900,1779099289.025487900,0.000000000,-0.015807514,0.004677676,-0.003626797,1
1779099289.050515890,1779099289.050515890,1779099289.050515890,0.000000000,-0.012673841,-0.003015412,-0.003101461,1
1779099289.100487947,1779099289.100487947,1779099289.100487947,0.000000000,-0.011870391,-0.004031820,-0.002686681,1
1779099289.175490856,1779099289.175490856,1779099289.175490856,0.000000000,-0.012810543,0.001185967,-0.003399109,1
1779099289.200643778,1779099289.200643778,1779099289.200643778,0.000000000,-0.012809102,0.001610025,-0.003430252,1
1779099289.250590324,1779099289.250590324,1779099289.250590324,0.000000000,-0.013965449,-0.001125124,-0.002962723,1
1779099289.325529337,1779099289.325529099,1779099289.325529099,0.000000000,-0.011088441,-0.002935449,-0.002927768,1
1779099289.350521326,1779099289.350521088,1779099289.350521088,0.000000000,-0.014904038,0.006132496,-0.003243779,1
1779099289.400517225,1779099289.400517225,1779099289.400517225,0.000000000,-0.013080554,-0.006660323,-0.002482252,1
1779099289.475576878,1779099289.475577116,1779099289.475577116,0.000000000,-0.011434805,-0.001552674,-0.003954550,1
1779099289.500585556,1779099289.500585318,1779099289.500585318,0.000000000,-0.010867602,0.004243043,-0.003930405,1
1779099289.550577402,1779099289.550577402,1779099289.550577402,0.000000000,-0.012924747,-0.001104501,-0.002789038,1
1779099289.600577116,1779099289.600577116,1779099289.600577116,0.000000000,-0.012891224,0.002562090,-0.003444452,1
1779099289.650560141,1779099289.650560379,1779099289.650560379,0.000000000,-0.012578077,0.001448888,-0.004625769,1
1779099289.700556755,1779099289.700556755,1779099289.700556755,0.000000000,-0.011219508,-0.001669671,-0.003124990,1
1779099289.775531054,1779099289.775531054,1779099289.775531054,0.000000000,-0.013313671,0.003360974,-0.002958802,1
1779099289.800568104,1779099289.800567865,1779099289.800567865,0.000000000,-0.010156722,-0.001755339,-0.004209653,1
1779099289.875568390,1779099289.875568390,1779099289.875568390,0.000000000,-0.011710256,0.000272051,-0.002604819,1
1779099289.900563240,1779099289.900563240,1779099289.900563240,0.000000000,-0.011978203,-0.002420359,-0.003663298,1
1779099289.950570583,1779099289.950570345,1779099289.950570345,0.000000000,-0.012577083,0.002779295,-0.002901077,1
1779099290.000568390,1779099290.000568390,1779099290.000568390,0.000000000,-0.016777023,0.000739698,-0.002252403,1
1779099290.050569296,1779099290.050569057,1779099290.050569057,0.000000000,-0.014638850,-0.010966678,-0.002471272,1
1779099290.100561619,1779099290.100561619,1779099290.100561619,0.000000000,-0.012011595,0.003312054,-0.004472713,1
1779099290.150565624,1779099290.150565624,1779099290.150565624,0.000000000,-0.012037238,-0.003826021,-0.003518847,1
1779099290.225527763,1779099290.225527763,1779099290.225527763,0.000000000,-0.012336219,0.000963908,-0.004055860,1
1779099290.250524998,1779099290.250524998,1779099290.250524998,0.000000000,-0.013986665,-0.002046233,-0.002529536,1
1779099290.300526381,1779099290.300526381,1779099290.300526381,0.000000000,-0.011705553,-0.001238997,-0.003051601,1
1779099290.375531673,1779099290.375531912,1779099290.375531912,0.000000000,-0.008796653,-0.002969930,-0.003088164,1
1779099290.400528193,1779099290.400527954,1779099290.400527954,0.000000000,-0.011609638,0.003730510,-0.004510423,1
1779099290.450549841,1779099290.450549603,1779099290.450549603,0.000000000,-0.010957922,0.007404189,-0.003963990,1
1779099290.500525236,1779099290.500525236,1779099290.500525236,0.000000000,-0.010212762,-0.002954212,-0.005248704,1
1779099290.550526381,1779099290.550526381,1779099290.550526381,0.000000000,-0.010268777,0.003389640,-0.004056529,1
1779099290.600526333,1779099290.600526333,1779099290.600526333,0.000000000,-0.013524137,-0.007318266,-0.002565785,1
1779099290.650523663,1779099290.650523663,1779099290.650523663,0.000000000,-0.008021202,0.005699070,-0.004456790,1
1779099290.700539589,1779099290.700539827,1779099290.700539827,0.000000000,-0.010214160,-0.002794067,-0.004019062,1
1779099290.750581026,1779099290.750581026,1779099290.750581026,0.000000000,-0.013682962,-0.000653902,-0.002571871,1
1779099290.800585508,1779099290.800585508,1779099290.800585508,0.000000000,-0.010396183,0.007235455,-0.003934536,1
1779099290.875584841,1779099290.875584841,1779099290.875584841,0.000000000,-0.012038856,-0.003318281,-0.002933125,1
1779099290.900634766,1779099290.900634766,1779099290.900634766,0.000000000,-0.011813134,-0.001740196,-0.002678400,1
1779099290.950544834,1779099290.950544834,1779099290.950544834,0.000000000,-0.017423887,0.004429089,-0.003691763,1
1779099291.000557661,1779099291.000557661,1779099291.000557661,0.000000000,-0.015339670,-0.003007502,-0.002500630,1
1779099291.050547361,1779099291.050547361,1779099291.050547361,0.000000000,-0.012728797,-0.003835383,-0.002549098,1
1779099291.100545883,1779099291.100545883,1779099291.100545883,0.000000000,-0.011875100,0.002887502,-0.003740664,1
1779099291.150583029,1779099291.150582790,1779099291.150582790,0.000000000,-0.014366741,0.001120830,-0.003919934,1
1779099291.200547934,1779099291.200547695,1779099291.200547695,0.000000000,-0.007959454,-0.001118652,-0.003283545,1
1779099291.250549555,1779099291.250549316,1779099291.250549316,0.000000000,-0.014976556,0.000952563,-0.003172305,1
1779099291.300513506,1779099291.300513506,1779099291.300513506,0.000000000,-0.009766674,0.000486378,-0.003883874,1
1779099291.350523710,1779099291.350523472,1779099291.350523472,0.000000000,-0.008370445,-0.003867905,-0.003209877,1
1779099291.400515795,1779099291.400515795,1779099291.400515795,0.000000000,-0.006471805,0.009390613,-0.002913615,1
1779099291.450547695,1779099291.450547695,1779099291.450547695,0.000000000,0.020899264,-0.000088691,0.002323905,1
1779099291.500513792,1779099291.500513792,1779099291.500513792,0.000000000,0.041146915,0.003482916,0.004366874,1
1779099291.550513744,1779099291.550513744,1779099291.550513744,0.000000000,0.077736475,0.000853022,0.005630959,1
1779099291.600579262,1779099291.600579500,1779099291.600579500,0.000000000,0.121756287,-0.005141685,0.006454373,1
1779099291.650573492,1779099291.650573492,1779099291.650573492,0.000000000,0.142957812,0.005317215,0.008654179,1
1779099291.700540066,1779099291.700540304,1779099291.700540304,0.000000000,0.175786356,-0.001672591,0.014827846,1
1779099291.750516653,1779099291.750516653,1779099291.750516653,0.000000000,0.216476346,0.006599871,0.014390973,1
1779099291.800546408,1779099291.800546408,1779099291.800546408,0.000000000,8.278655498,2.826861959,-2.892614152,1
1779099291.850552082,1779099291.850552082,1779099291.850552082,0.000000000,8.228114202,2.819030236,-2.895506229,1
1779099291.900539637,1779099291.900539637,1779099291.900539637,0.000000000,8.186194829,2.810138185,-2.896099142,1
1779099291.950519085,1779099291.950518847,1779099291.950518847,0.000000000,8.149205559,2.805436259,-2.897453034,1
1779099292.000518799,1779099292.000518799,1779099292.000518799,0.000000000,8.096213580,2.789293160,-2.903531110,1
1779099292.050518990,1779099292.050518990,1779099292.050518990,0.000000000,8.057726203,2.782179944,-2.905430002,1
1779099292.100573540,1779099292.100573540,1779099292.100573540,0.000000000,8.024931895,2.777243743,-2.911872103,1
1779099292.175523281,1779099292.175523281,1779099292.175523281,0.000000000,7.935696719,2.766371105,-2.921042625,1
1779099292.200524569,1779099292.200524807,1779099292.200524807,0.000000000,7.912651353,2.762991215,-2.922203526,1
1779099292.250523329,1779099292.250523567,1779099292.250523567,0.000000000,7.888618260,2.752980085,-2.927287012,1
1779099292.325523615,1779099292.325523615,1779099292.325523615,0.000000000,7.784829592,2.745945331,-2.937359823,1
1779099292.350578547,1779099292.350578308,1779099292.350578308,0.000000000,7.760049555,2.742940593,-2.938417251,1
1779099292.400584221,1779099292.400583982,1779099292.400583982,0.000000000,7.766132840,2.739387931,-2.945746096,1
1779099292.475529194,1779099292.475529194,1779099292.475529194,0.000000000,7.633715795,2.720005434,-2.961078285,1
1779099292.500523090,1779099292.500522852,1779099292.500522852,0.000000000,7.608941882,2.718016614,-2.971394088,1
1779099292.575520277,1779099292.575520515,1779099292.575520515,0.000000000,7.571684605,2.731370138,-2.981643907,1
1779099292.600520611,1779099292.600520611,1779099292.600520611,0.000000000,7.553448608,2.726208600,-2.992486208,1
1779099292.650512934,1779099292.650512695,1779099292.650512695,0.000000000,7.424696841,2.709676784,-3.000962724,1
1779099292.725530148,1779099292.725530148,1779099292.725530148,0.000000000,7.419619934,2.719106332,-3.022447106,1
1779099292.750537634,1779099292.750537634,1779099292.750537634,0.000000000,7.391755441,2.724483397,-3.068342942,1
1779099292.825568914,1779099292.825568914,1779099292.825568914,0.000000000,7.320480029,2.724587410,-3.072089690,1
1779099292.850563288,1779099292.850563288,1779099292.850563288,0.000000000,7.327177935,2.729764936,-3.076605728,1
1779099292.900558233,1779099292.900558472,1779099292.900558472,0.000000000,7.246920122,2.730430309,-3.094356659,1
1779099292.975537062,1779099292.975537062,1779099292.975537062,0.000000000,7.177677723,2.736584473,-3.118564322,1
1779099293.000533342,1779099293.000533342,1779099293.000533342,0.000000000,7.176187464,2.744877580,-3.125596173,1
1779099293.050567389,1779099293.050567389,1779099293.050567389,0.000000000,7.110366556,2.747051529,3.140591509,1
1779099293.125528812,1779099293.125528812,1779099293.125528812,0.000000000,7.028245542,2.758918577,3.123968220,1
1779099293.150581598,1779099293.150581598,1779099293.150581598,0.000000000,7.035681241,2.764809233,3.115128495,1
1779099293.200553894,1779099293.200554132,1779099293.200554132,0.000000000,6.995198236,2.763080533,3.097077285,1
1779099293.275534630,1779099293.275534391,1779099293.275534391,0.000000000,6.907683408,2.770165357,3.079478202,1
1779099293.300545454,1779099293.300545454,1779099293.300545454,0.000000000,6.900834436,2.784204627,3.071425638,1
1779099293.350539684,1779099293.350539684,1779099293.350539684,0.000000000,6.852104864,2.795272595,3.055032355,1
1779099293.425552130,1779099293.425552130,1779099293.425552130,0.000000000,6.767221998,2.815199413,3.030141545,1
1779099293.450531006,1779099293.450531006,1779099293.450531006,0.000000000,6.804186576,2.809163181,3.023474281,1
1779099293.500571966,1779099293.500571966,1779099293.500571966,0.000000000,6.716567011,2.832108391,2.998039017,1
1779099293.575537205,1779099293.575537205,1779099293.575537205,0.000000000,6.627320205,2.857099945,2.979414874,1
1779099293.600538969,1779099293.600538969,1779099293.600538969,0.000000000,6.663994810,2.859020102,2.965527983,1
1779099293.650547266,1779099293.650547266,1779099293.650547266,0.000000000,6.583786105,2.875254515,2.940291388,1
1779099293.700546503,1779099293.700546503,1779099293.700546503,0.000000000,6.547399363,2.893866666,2.931419612,1
1779099293.750536203,1779099293.750536203,1779099293.750536203,0.000000000,6.518676801,2.910913522,2.915982601,1
1779099293.800568104,1779099293.800567865,1779099293.800567865,0.000000000,6.441869829,2.920701525,2.900909993,1
1779099293.850561142,1779099293.850561142,1779099293.850561142,0.000000000,6.417697913,2.935075948,2.895233899,1
1779099293.925564766,1779099293.925564528,1779099293.925564528,0.000000000,6.341711215,2.958544229,2.867510445,1
1779099293.950553417,1779099293.950553417,1779099293.950553417,0.000000000,6.336218672,2.965853903,2.863100306,1
1779099294.000494957,1779099294.000494719,1779099294.000494719,0.000000000,6.300753929,2.995439720,2.859179378,1
1779099294.050533533,1779099294.050533533,1779099294.050533533,0.000000000,6.251749580,3.003171311,2.853997362,1
1779099294.100502729,1779099294.100502729,1779099294.100502729,0.000000000,6.199336607,3.004016006,2.843765905,1
1779099294.150554419,1779099294.150554419,1779099294.150554419,0.000000000,6.165204555,3.031732610,2.834524136,1
1779099294.200532436,1779099294.200532436,1779099294.200532436,0.000000000,6.113725271,3.053206472,2.831897886,1
1779099294.250647783,1779099294.250647783,1779099294.250647783,0.000000000,6.069559197,3.059113357,2.822973568,1
1779099294.325584412,1779099294.325584412,1779099294.325584412,0.000000000,6.017716317,3.094103137,2.818425176,1
1779099294.350553036,1779099294.350553036,1779099294.350553036,0.000000000,6.005792746,3.101728397,2.815491169,1
1779099294.400580645,1779099294.400580645,1779099294.400580645,0.000000000,5.940197579,3.112463735,2.806067501,1
1779099294.475531340,1779099294.475531340,1779099294.475531340,0.000000000,5.886330551,3.145430014,2.801839901,1
1779099294.500558615,1779099294.500558615,1779099294.500558615,0.000000000,5.864502077,3.148702376,2.797368382,1
1779099294.550543547,1779099294.550543547,1779099294.550543547,0.000000000,5.830041704,3.163234859,2.794621184,1
1779099294.600537062,1779099294.600537062,1779099294.600537062,0.000000000,5.785642457,3.184445485,2.788459453,1
1779099294.675531626,1779099294.675531626,1779099294.675531626,0.000000000,5.719745078,3.206434783,2.784730115,1
1779099294.700550795,1779099294.700550795,1779099294.700550795,0.000000000,5.699548112,3.216513886,2.773463371,1
1779099294.750543356,1779099294.750543356,1779099294.750543356,0.000000000,5.654924834,3.231406095,2.769899264,1
1779099294.825532913,1779099294.825532913,1779099294.825532913,0.000000000,5.589288778,3.275311512,2.770015014,1
1779099294.850569248,1779099294.850569010,1779099294.850569010,0.000000000,5.578386476,3.266496298,2.763043091,1
1779099294.900528908,1779099294.900528908,1779099294.900528908,0.000000000,5.537242258,3.280021088,2.759015354,1
1779099294.975547791,1779099294.975548029,1779099294.975548029,0.000000000,5.473374982,3.302312734,2.757408836,1
1779099295.000570536,1779099295.000570536,1779099295.000570536,0.000000000,5.467120379,3.310304509,2.751033497,1
1779099295.050547600,1779099295.050547600,1779099295.050547600,0.000000000,5.428237378,3.322529951,2.752347717,1
1779099295.125570297,1779099295.125570297,1779099295.125570297,0.000000000,5.375428833,3.348245495,2.752006637,1
1779099295.150536299,1779099295.150536060,1779099295.150536060,0.000000000,5.361747903,3.352576332,2.752476394,1
1779099295.225536108,1779099295.225535870,1779099295.225535870,0.000000000,5.321046813,3.363115774,2.763097402,1
1779099295.275485992,1779099295.275485992,1779099295.275485992,0.000000000,5.283073585,3.378453628,2.770386496,1
1779099295.300550222,1779099295.300549984,1779099295.300549984,0.000000000,5.270271674,3.373658151,2.782159699,1
1779099295.375553608,1779099295.375553370,1779099295.375553370,0.000000000,5.228027359,3.395490062,2.789819605,1
1779099295.425483227,1779099295.425483227,1779099295.425483227,0.000000000,5.197482318,3.397715660,2.808211795,1
1779099295.450541019,1779099295.450541258,1779099295.450541258,0.000000000,5.182592910,3.401688206,2.808840397,1
1779099295.525545359,1779099295.525545597,1779099295.525545597,0.000000000,5.133794069,3.423378745,2.819443813,1
1779099295.550539732,1779099295.550539732,1779099295.550539732,0.000000000,5.136693939,3.410584729,2.837178962,1
1779099295.625573397,1779099295.625573397,1779099295.625573397,0.000000000,5.097503582,3.424713761,2.841956365,1
1779099295.650469542,1779099295.650469542,1779099295.650469542,0.000000000,5.076674827,3.428262701,2.853336180,1
1779099295.700464725,1779099295.700464487,1779099295.700464487,0.000000000,5.059041139,3.430276035,2.862520384,1
1779099295.775531054,1779099295.775531054,1779099295.775531054,0.000000000,5.043391899,3.429441619,2.871862530,1
1779099295.800465107,1779099295.800465107,1779099295.800465107,0.000000000,5.035600487,3.433210040,2.879070465,1
1779099295.850467682,1779099295.850467682,1779099295.850467682,0.000000000,5.031532394,3.433173327,2.883886865,1
1779099295.925542593,1779099295.925542593,1779099295.925542593,0.000000000,5.028216320,3.437919205,2.886358703,1
1779099295.950465441,1779099295.950465441,1779099295.950465441,0.000000000,5.016790089,3.441904496,2.889486994,1
1779099296.000542402,1779099296.000542402,1779099296.000542402,0.000000000,5.012173633,3.435005047,2.891616111,1
1779099296.075480938,1779099296.075480700,1779099296.075480700,0.000000000,5.006464303,3.437556312,2.892818356,1
1779099296.125560760,1779099296.125560999,1779099296.125560999,0.000000000,5.000699642,3.430025679,2.893504565,1
1779099296.150541782,1779099296.150541782,1779099296.150541782,0.000000000,5.004474995,3.444045076,2.894066688,1
1779099296.225546598,1779099296.225546598,1779099296.225546598,0.000000000,5.003970137,3.441913017,2.893951593,1
1779099296.250547409,1779099296.250547409,1779099296.250547409,0.000000000,5.006216449,3.446054214,2.892783370,1
1779099296.325555801,1779099296.325555801,1779099296.325555801,0.000000000,5.007107259,3.442455181,2.893118208,1
1779099296.375467062,1779099296.375467062,1779099296.375467062,0.000000000,5.006173251,3.441332340,2.892486405,1
1779099296.400589466,1779099296.400589466,1779099296.400589466,0.000000000,5.006583632,3.440621447,2.892283810,1
1779099296.475548506,1779099296.475548506,1779099296.475548506,0.000000000,5.005815297,3.439297138,2.892298886,1
1779099296.500555515,1779099296.500555515,1779099296.500555515,0.000000000,5.007809644,3.444738384,2.892877476,1
1779099296.575562477,1779099296.575562716,1779099296.575562716,0.000000000,5.007496620,3.443052628,2.892858105,1
1779099296.625519991,1779099296.625519753,1779099296.625519753,0.000000000,5.006124844,3.438150353,2.892824114,1
1779099296.650471210,1779099296.650471210,1779099296.650471210,0.000000000,5.008235035,3.443924696,2.893370008,1
1779099296.725543022,1779099296.725542784,1779099296.725542784,0.000000000,5.006577592,3.439592442,2.892279493,1
1779099296.750466108,1779099296.750466108,1779099296.750466108,0.000000000,5.005525545,3.439815486,2.893195458,1
1779099296.800471783,1779099296.800471783,1779099296.800471783,0.000000000,5.005921096,3.442318536,2.893169213,1
1779099296.875542164,1779099296.875542164,1779099296.875542164,0.000000000,5.004572211,3.440647185,2.893594864,1
1779099296.900472403,1779099296.900472403,1779099296.900472403,0.000000000,5.001210464,3.440772546,2.893749753,1
1779099296.950467825,1779099296.950467825,1779099296.950467825,0.000000000,4.996843313,3.445429626,2.895576318,1
1779099297.025589228,1779099297.025589228,1779099297.025589228,0.000000000,4.961801202,3.449690040,2.896742713,1
1779099297.050474644,1779099297.050474644,1779099297.050474644,0.000000000,4.947179975,3.462556552,2.898403295,1
1779099297.125543833,1779099297.125543833,1779099297.125543833,0.000000000,4.909531717,3.468566606,2.899713591,1
1779099297.150465250,1779099297.150465250,1779099297.150465250,0.000000000,4.891059082,3.469783970,2.902332315,1
1779099297.225549936,1779099297.225549936,1779099297.225549936,0.000000000,4.857272052,3.477403294,2.903367705,1
1779099297.275548220,1779099297.275548220,1779099297.275548220,0.000000000,4.835854942,3.482817118,2.904251978,1
1779099297.300538301,1779099297.300538301,1779099297.300538301,0.000000000,4.816523678,3.491264071,2.906382462,1
1779099297.375540495,1779099297.375540495,1779099297.375540495,0.000000000,4.776908628,3.491294155,2.913555108,1
1779099297.400556326,1779099297.400556326,1779099297.400556326,0.000000000,4.761365401,3.496604314,2.914963188,1
1779099297.475528002,1779099297.475528002,1779099297.475528002,0.000000000,4.722962408,3.510486376,2.917246823,1
1779099297.525535583,1779099297.525535583,1779099297.525535583,0.000000000,4.701766838,3.515911049,2.917495701,1
1779099297.550638914,1779099297.550638914,1779099297.550638914,0.000000000,4.680677419,3.510574666,2.918472186,1
1779099297.625472546,1779099297.625472546,1779099297.625472546,0.000000000,4.655327137,3.529385723,2.921961271,1
1779099297.650463820,1779099297.650463820,1779099297.650463820,0.000000000,4.630323415,3.533994675,2.916434586,1
1779099297.725550890,1779099297.725550890,1779099297.725550890,0.000000000,4.601753185,3.551906834,2.909118248,1
1779099297.750635862,1779099297.750635862,1779099297.750635862,0.000000000,4.581954328,3.553088406,2.900343321,1
1779099297.825603247,1779099297.825603485,1779099297.825603485,0.000000000,4.544533051,3.572781222,2.886290016,1
1779099297.850542784,1779099297.850542784,1779099297.850542784,0.000000000,4.541700903,3.561438452,2.879762607,1
1779099297.925607920,1779099297.925607920,1779099297.925607920,0.000000000,4.524312389,3.581581142,2.863519239,1
1779099297.950477839,1779099297.950477839,1779099297.950477839,0.000000000,4.509680802,3.587771151,2.859578680,1
1779099298.025563955,1779099298.025563955,1779099298.025563955,0.000000000,4.510871797,3.593692678,2.846548410,1
1779099298.050485134,1779099298.050485373,1779099298.050485373,0.000000000,4.516525388,3.596542248,2.843293773,1
1779099298.125497341,1779099298.125497341,1779099298.125497341,0.000000000,4.510581890,3.590191098,2.835845195,1
1779099298.150479317,1779099298.150479317,1779099298.150479317,0.000000000,4.506630608,3.591089677,2.831227960,1
1779099298.200465441,1779099298.200465202,1779099298.200465202,0.000000000,3.048748003,2.834149569,2.962588191,1
1779099298.275490522,1779099298.275490522,1779099298.275490522,0.000000000,3.046668327,2.835610007,2.959444044,1
1779099298.300483465,1779099298.300483465,1779099298.300483465,0.000000000,3.031530716,2.835293221,2.954471370,1
1779099298.375472069,1779099298.375472307,1779099298.375472307,0.000000000,3.021292774,2.845276404,2.951253713,1
1779099298.425473213,1779099298.425473452,1779099298.425473452,0.000000000,2.994287059,2.857612018,2.942279321,1
1779099298.450475454,1779099298.450475454,1779099298.450475454,0.000000000,2.991175574,2.860056220,2.931161736,1
1779099298.525466442,1779099298.525466442,1779099298.525466442,0.000000000,2.976576666,2.871483056,2.925243691,1
1779099298.550552845,1779099298.550552845,1779099298.550552845,0.000000000,2.945194050,2.879449496,2.909514476,1
1779099298.625528574,1779099298.625528574,1779099298.625528574,0.000000000,2.931664069,2.886164609,2.893653527,1
1779099298.650539160,1779099298.650539160,1779099298.650539160,0.000000000,2.914533711,2.906227648,2.867773545,1
1779099298.725538731,1779099298.725538969,1779099298.725538969,0.000000000,2.884708243,2.918388332,2.857461671,1
1779099298.750548363,1779099298.750548363,1779099298.750548363,0.000000000,2.875571286,2.929654969,2.827824224,1
1779099298.825476408,1779099298.825476408,1779099298.825476408,0.000000000,2.862823591,2.944764227,2.817917403,1
1779099298.850481510,1779099298.850481510,1779099298.850481510,0.000000000,2.842672654,2.955583530,2.782125994,1
1779099298.925461054,1779099298.925460815,1779099298.925460815,0.000000000,2.804320931,2.974232419,2.768797493,1
1779099298.950479507,1779099298.950479507,1779099298.950479507,0.000000000,2.809648155,2.977125247,2.743032506,1
1779099299.025463104,1779099299.025463104,1779099299.025463104,0.000000000,2.767553745,3.039445842,2.714371781,1
1779099299.075476170,1779099299.075476170,1779099299.075476170,0.000000000,2.750128777,3.036929349,2.670267457,1
1779099299.100486040,1779099299.100486040,1779099299.100486040,0.000000000,2.747586780,3.056047188,2.654534288,1
1779099299.175483942,1779099299.175483704,1779099299.175483704,0.000000000,2.712528466,3.080873894,2.607972285,1
1779099299.200482368,1779099299.200482130,1779099299.200482130,0.000000000,2.707865091,3.091508408,2.576390454,1
1779099299.275542021,1779099299.275542021,1779099299.275542021,0.000000000,2.678634093,3.134569456,2.542852567,1
1779099299.300554991,1779099299.300554991,1779099299.300554991,0.000000000,2.673268610,3.127426259,2.525862803,1
1779099299.375475407,1779099299.375475407,1779099299.375475407,0.000000000,2.630889286,3.202869941,2.473295827,1
1779099299.400464535,1779099299.400464535,1779099299.400464535,0.000000000,2.630155888,3.214111323,2.452747208,1
1779099299.450467825,1779099299.450467825,1779099299.450467825,0.000000000,2.603543037,3.243475593,2.389059433,1
1779099299.525477171,1779099299.525476933,1779099299.525476933,0.000000000,2.569006424,3.310831308,2.318395214,1
1779099299.550467253,1779099299.550467253,1779099299.550467253,0.000000000,2.533101280,3.363565579,2.293230718,1
1779099299.625522375,1779099299.625522614,1779099299.625522614,0.000000000,2.508550565,3.440895963,2.240696485,1
1779099299.650531769,1779099299.650532007,1779099299.650532007,0.000000000,2.505198418,3.463985426,2.186365645,1
1779099299.725477457,1779099299.725477457,1779099299.725477457,0.000000000,2.494647215,3.505099217,2.159656812,1
1779099299.750473022,1779099299.750473022,1779099299.750473022,0.000000000,2.445673894,3.646589167,2.080792805,1
1779099299.825465441,1779099299.825465441,1779099299.825465441,0.000000000,2.407897036,3.750548843,2.054195187,1
1779099299.850466967,1779099299.850467205,1779099299.850467205,0.000000000,2.443272608,3.732146142,1.973193208,1
1779099299.925476074,1779099299.925476074,1779099299.925476074,0.000000000,2.412706291,3.823361802,1.946193334,1
1779099299.950471401,1779099299.950471401,1779099299.950471401,0.000000000,2.409721964,3.931319316,1.874004633,1
1779099300.025568247,1779099300.000464201,1779099300.000464201,0.000000000,2.417142988,3.922070030,1.852664297,1
1779099300.050666094,1779099300.050666094,1779099300.050666094,0.000000000,2.391568646,4.030332738,1.793641929,1
1779099300.100561380,1779099300.100561619,1779099300.100561619,0.000000000,2.385585084,4.100176342,1.782382880,1
1779099300.175535202,1779099300.175535202,1779099300.175535202,0.000000000,2.380646195,4.177062553,1.756937658,1
1779099300.200506210,1779099300.200506210,1779099300.200506210,0.000000000,2.379046006,4.191671933,1.749475401,1
1779099300.275503397,1779099300.275503397,1779099300.275503397,0.000000000,2.372310197,4.290233496,1.736033862,1
1779099300.325519085,1779099300.325519085,1779099300.325519085,0.000000000,2.370200819,4.328848795,1.720188715,1
1779099300.375509262,1779099300.375509262,1779099300.375509262,0.000000000,2.370435817,4.363412130,1.716870178,1
1779099300.400545835,1779099300.400545835,1779099300.400545835,0.000000000,2.359997188,4.394851219,1.710880106,1
1779099300.450542927,1779099300.450542927,1779099300.450542927,0.000000000,2.355920209,4.441361877,1.705800109,1
1779099300.525514126,1779099300.525514364,1779099300.525514364,0.000000000,2.353475866,4.501060859,1.704374607,1
1779099300.575497866,1779099300.575498104,1779099300.575498104,0.000000000,2.345576582,4.549666328,1.704329959,1
1779099300.625509262,1779099300.625509501,1779099300.625509501,0.000000000,2.341636060,4.586136523,1.707202840,1
1779099300.675511599,1779099300.675511599,1779099300.675511599,0.000000000,2.333596938,4.630957768,1.707125264,1
1779099300.725541115,1779099300.725541115,1779099300.725541115,0.000000000,2.327974764,4.668865260,1.707975858,1
1779099300.775515795,1779099300.775516033,1779099300.775516033,0.000000000,2.325739025,4.696451996,1.709251438,1
1779099300.800513268,1779099300.800513268,1779099300.800513268,0.000000000,2.322220363,4.714737399,1.710700643,1
1779099300.875522852,1779099300.875522614,1779099300.875522614,0.000000000,2.307885732,4.773300559,1.712957269,1
1779099300.925581932,1779099300.925581932,1779099300.925581932,0.000000000,2.311460180,4.812152382,1.714448359,1
1779099300.950519085,1779099300.950518847,1779099300.950518847,0.000000000,2.307325817,4.829728211,1.715810665,1
1779099301.025513172,1779099301.025513172,1779099301.025513172,0.000000000,2.299757878,4.884748459,1.716237329,1
1779099301.075554609,1779099301.075554609,1779099301.075554609,0.000000000,2.290380253,4.924018621,1.719298589,1
1779099301.125567913,1779099301.125567913,1779099301.125567913,0.000000000,2.288816836,4.951562303,1.720113049,1
1779099301.175574303,1779099301.175574303,1779099301.175574303,0.000000000,2.276413288,4.991660559,1.720899410,1
1779099301.225574732,1779099301.225574732,1779099301.225574732,0.000000000,2.274970866,5.024446914,1.720976010,1
1779099301.275563002,1779099301.275563002,1779099301.275563002,0.000000000,2.265135432,5.060539905,1.721612113,1
1779099301.325558186,1779099301.325558424,1779099301.325558424,0.000000000,2.269913348,5.090941990,1.723942857,1
1779099301.375563860,1779099301.375563622,1779099301.375563622,0.000000000,2.259879075,5.124305386,1.724891083,1
1779099301.425563097,1779099301.425563097,1779099301.425563097,0.000000000,2.253388804,5.161141481,1.726416563,1
1779099301.475573063,1779099301.475573063,1779099301.475573063,0.000000000,2.247383129,5.188520125,1.727923670,1
1779099301.525562286,1779099301.525562525,1779099301.525562525,0.000000000,2.247682604,5.215139371,1.730137518,1
1779099301.575617075,1779099301.575617075,1779099301.575617075,0.000000000,2.241967532,5.246215552,1.743281157,1
1779099301.625563860,1779099301.625564098,1779099301.625564098,0.000000000,2.236089051,5.271827786,1.745663191,1
1779099301.675542831,1779099301.675542593,1779099301.675542593,0.000000000,2.224647609,5.309280139,1.752906152,1
1779099301.725502729,1779099301.725502729,1779099301.725502729,0.000000000,2.220617474,5.344112215,1.755989144,1
1779099301.775615215,1779099301.775615215,1779099301.775615215,0.000000000,2.214339052,5.370260316,1.760926074,1
1779099301.825557470,1779099301.825557470,1779099301.825557470,0.000000000,2.204194321,5.404686052,1.765034599,1
1779099301.875532389,1779099301.875532389,1779099301.875532389,0.000000000,2.197296554,5.434569989,1.769347645,1
1779099301.925551176,1779099301.925551176,1779099301.925551176,0.000000000,2.185626016,5.473020738,1.771689650,1
1779099301.975554228,1779099301.975554228,1779099301.975554228,0.000000000,2.179308502,5.513494231,1.776180070,1
1779099302.025562286,1779099302.025562286,1779099302.025562286,0.000000000,2.168803994,5.549084187,1.786953957,1
1779099302.075517416,1779099302.075517416,1779099302.075517416,0.000000000,2.149036738,5.599860370,1.801050662,1
1779099302.125544310,1779099302.125544310,1779099302.125544310,0.000000000,2.139246260,5.632964242,1.806299814,1
1779099302.175556183,1779099302.175556183,1779099302.175556183,0.000000000,2.121285048,5.697595683,1.817500582,1
1779099302.225541353,1779099302.225541353,1779099302.225541353,0.000000000,2.105015312,5.746017145,1.827785721,1
1779099302.275487900,1779099302.275487900,1779099302.275487900,0.000000000,2.109735294,5.772428010,1.834655781,1
1779099302.325519800,1779099302.325519800,1779099302.325519800,0.000000000,2.082539393,5.799397757,1.841168596,1
1779099302.375516415,1779099302.375516415,1779099302.375516415,0.000000000,2.055924671,5.910945043,1.848744198,1
1779099302.425577879,1779099302.425578117,1779099302.425578117,0.000000000,2.048574391,5.934683343,1.856809493,1
1779099302.475512505,1779099302.475512505,1779099302.475512505,0.000000000,2.033894399,5.947607331,1.866092880,1
1779099302.525519371,1779099302.525519371,1779099302.525519371,0.000000000,2.005881525,6.010451254,1.885007616,1
1779099302.550523758,1779099302.550523758,1779099302.550523758,0.000000000,2.008461410,6.035149620,1.894422608,1
1779099302.625559568,1779099302.625559568,1779099302.625559568,0.000000000,1.971816891,6.105377192,1.906098353,1
1779099302.675532103,1779099302.675532103,1779099302.675532103,0.000000000,1.937504593,6.154674128,1.931148699,1
1779099302.700528860,1779099302.700528860,1779099302.700528860,0.000000000,1.931287099,6.177942629,1.935981490,1
1779099302.775628090,1779099302.775628090,1779099302.775628090,0.000000000,1.899506876,6.259048002,1.958145616,1
1779099302.800525665,1779099302.800525665,1779099302.800525665,0.000000000,1.888444647,6.261949118,1.976510923,1
1779099302.875522375,1779099302.875522375,1779099302.875522375,0.000000000,1.814413950,6.392354468,2.006464641,1
1779099302.900507212,1779099302.900506973,1779099302.900506973,0.000000000,1.791198796,6.426575842,2.015267739,1
1779099302.950514317,1779099302.950514555,1779099302.950514555,0.000000000,1.785706270,6.428919765,2.043576031,1
1779099303.025524855,1779099303.025524855,1779099303.025524855,0.000000000,1.741923275,6.494467871,2.073738829,1
1779099303.075590372,1779099303.075590372,1779099303.075590372,0.000000000,1.705092744,6.549265556,2.116108041,1
1779099303.100536108,1779099303.100536108,1779099303.100536108,0.000000000,1.674494705,6.571945130,2.136714972,1
1779099303.175631046,1779099303.175631046,1779099303.175631046,0.000000000,1.594910982,6.659432305,2.195974418,1
1779099303.200584173,1779099303.200584173,1779099303.200584173,0.000000000,1.599446762,6.657312985,2.206688352,1
1779099303.250568867,1779099303.250569105,1779099303.250569105,0.000000000,1.564806130,6.707688342,2.229423151,1
1779099303.300558805,1779099303.300558805,1779099303.300558805,0.000000000,1.540133105,6.713930974,2.252331280,1
1779099303.375523806,1779099303.375523806,1779099303.375523806,0.000000000,1.444653527,6.799724355,2.305964174,1
1779099303.400501013,1779099303.400501013,1779099303.400501013,0.000000000,1.436815495,6.802757847,2.320010682,1
1779099303.475566864,1779099303.475567102,1779099303.475567102,0.000000000,1.399424998,6.851345385,2.346408876,1
1779099303.500526667,1779099303.500526667,1779099303.500526667,0.000000000,1.376353153,6.858206962,2.361752172,1
1779099303.550518274,1779099303.550518274,1779099303.550518274,0.000000000,1.334421353,6.903600884,2.373413641,1
1779099303.625555277,1779099303.625555277,1779099303.625555277,0.000000000,1.244304476,6.932878795,2.427075968,1
1779099303.650502682,1779099303.650502682,1779099303.650502682,0.000000000,1.206595256,6.968845212,2.441795263,1
1779099303.700560808,1779099303.700560808,1779099303.700560808,0.000000000,1.195591674,6.981530976,2.472493070,1
1779099303.750543356,1779099303.750543356,1779099303.750543356,0.000000000,1.119629767,6.994154268,2.539511279,1
1779099303.800588131,1779099303.800588131,1779099303.800588131,0.000000000,1.059666074,7.007478425,2.575990628,1
1779099303.850615025,1779099303.850615025,1779099303.850615025,0.000000000,1.054276762,7.021811363,2.602297667,1
1779099303.900546312,1779099303.900546312,1779099303.900546312,0.000000000,1.008265130,7.047140497,2.631745549,1
1779099303.950547695,1779099303.950547695,1779099303.950547695,0.000000000,0.945499127,7.055096861,2.661970883,1
1779099304.000547409,1779099304.000547409,1779099304.000547409,0.000000000,0.906071524,7.075941132,2.691551045,1
1779099304.075620890,1779099304.075620890,1779099304.075620890,0.000000000,0.851363845,7.088895192,2.735250416,1
1779099304.100554705,1779099304.100554705,1779099304.100554705,0.000000000,0.830579259,7.104767869,2.748614388,1
1779099304.150679588,1779099304.150679588,1779099304.150679588,0.000000000,0.778794898,7.097237418,2.779220651,1
1779099304.200483322,1779099304.200483322,1779099304.200483322,0.000000000,0.724314323,7.111184083,2.811351052,1
1779099304.250501156,1779099304.250500917,1779099304.250500917,0.000000000,0.677089453,7.110967720,2.841696412,1
