elapsed_wall,stamp,frame_id,x,y,z,qx,qy,qz,qw,yaw
0.8440626209999209,1779099286.5254712,map,5.449122336086884e-06,6.362939863230895e-06,0.0,0.0,0.0,5.37395631348961e-05,0.9999999985560297,0.00010747912632152443
0.8616745470001206,1779099286.5504777,map,-0.009349003367514989,0.004020419822154697,0.0,0.0,0.0,-0.0011321593896020472,0.9999993591073529,-0.0022643192629326373
0.9000201379999453,1779099286.575542,map,-0.012994521081869236,0.0016666475707385305,0.0,0.0,0.0,-0.0004981341931117135,0.9999998759311551,-0.0009962684274253848
0.945061060999933,1779099286.6255713,map,-0.017496778243130704,0.011092250354453019,0.0,0.0,0.0,-0.0014486334940158477,0.9999989507299495,-0.0028972680013706134
0.9612740889999714,1779099286.650551,map,-0.017485494964118966,0.012943221864231219,0.0,0.0,0.0,-0.001536860542547485,0.9999988190291391,-0.003073722295087221
0.9991285109999808,1779099286.6755617,map,-0.021303488172456884,0.005022345930916011,0.0,0.0,0.0,-0.0009277315248448077,0.9999995696570163,-0.0018554633158514961
1.016639312000052,1779099286.7004678,map,-0.015800238003818107,0.00021038965181677163,0.0,0.0,0.0,-0.0013854447206223587,0.9999990402710025,-0.0027708903276793726
1.0450468710000678,1779099286.725593,map,-0.008350561181053264,-0.004988027523122813,0.0,0.0,0.0,-0.001799002536273194,0.999998381793628,-0.0035980070133192227
1.0627257010000903,1779099286.750492,map,-0.011205486715098564,0.004734825002532467,0.0,0.0,0.0,-0.0008999423940904901,0.9999995950517617,-0.001799885031134411
1.0993520740000804,1779099286.7756147,map,-0.01119883195443152,0.005249536100031562,0.0,0.0,0.0,-0.0008726968116159237,0.9999996192000651,-0.0017453938447804741
1.1168721090000417,1779099286.8005855,map,-0.010231095374066336,0.013334247161104063,0.0,0.0,0.0,-0.0018834805915087219,0.9999982262488577,-0.003766963410236258
1.144634885999949,1779099286.8256083,map,-0.010272702840848106,-0.00024559882521802724,0.0,0.0,0.0,-0.0011917431667148946,0.9999992898738602,-0.0023834868976219327
1.1630634460000238,1779099286.8506289,map,-0.009122330161030106,0.0013547314500721465,0.0,0.0,0.0,-0.0018999203092794983,0.9999981951497805,-0.003799842904608372
1.1995426390001285,1779099286.8755677,map,-0.00911771544062399,0.0009446669678409366,0.0,0.0,0.0,-0.0019185031190945877,0.9999981596711977,-0.003837008591975273
1.217238436000116,1779099286.9005027,map,-0.015505988361113767,-0.011218684981946031,0.0,0.0,0.0,-0.0005705750366324467,0.9999998372220505,-0.0011411501351829203
1.2450374140000804,1779099286.9255948,map,-0.010721087231870936,0.013615414827850513,0.0,0.0,0.0,-0.0015502433034924172,0.999998798372128,-0.0031004878488624724
1.2632095720000507,1779099286.950583,map,-0.010468958618272402,0.004662993689860884,0.0,0.0,0.0,-0.0013658539006887133,0.999999067221126,-0.0027317086507375197
1.2998848219999672,1779099286.9755917,map,-0.010460886201044088,0.005067244601702954,0.0,0.0,0.0,-0.0013837387704821124,0.9999990426330493,-0.002767478424128408
1.3173610169999392,1779099287.0004828,map,-0.01482521932932039,0.006241093000272559,0.0,0.0,0.0,-0.0009311537742158904,0.9999995664762305,-0.0018623078175500239
1.3449822160000622,1779099287.0256135,map,-0.015588060202154197,-0.016828089963427748,0.0,0.0,0.0,-0.0001390314326819267,0.9999999903351303,-0.00027806286625966717
1.3638318129999334,1779099287.0504816,map,-0.013814673934186634,0.0028309941001368327,0.0,0.0,0.0,-0.0007641819041734936,0.9999997080129661,-0.0015283639571011432
1.3903416299999662,1779099287.0756104,map,-0.013807711769349622,0.003140606147547833,0.0,0.0,0.0,-0.000777852722059667,0.9999996974725257,-0.001555705601000566
1.417884537999953,1779099287.1004858,map,-0.013894589286491755,0.0017742860717376938,0.0,0.0,0.0,-0.0008505717797676552,0.9999996382637583,-0.0017011437646570994
1.445433869999988,1779099287.1256075,map,-0.009420759931477118,0.0031908444982122874,0.0,0.0,0.0,-0.0006881999279580114,0.9999997631904016,-0.0013763999645642659
1.4640206530000341,1779099287.1504776,map,-0.012328887852549736,0.008462876572972247,0.0,0.0,0.0,-0.0014078097976351943,0.9999990090352959,-0.0028156205253306375
1.4904528950000895,1779099287.1754794,map,-0.012319728924014353,0.009524123281473238,0.0,0.0,0.0,-0.0014156024690598742,0.9999989980343228,-0.0028312058837101856
1.518291925000085,1779099287.2005627,map,-0.011207141744617195,-0.003254296467014952,0.0,0.0,0.0,-0.0010739512685383592,0.9999994233141701,-0.0021479029499651327
1.5457429909999973,1779099287.2256336,map,-0.012093679202004024,-0.003680221328964669,0.0,0.0,0.0,-0.000924385707160992,0.9999995727554409,-0.0018487716776145382
1.5642474809999385,1779099287.2505898,map,-0.014443022462729114,0.007792494893557273,0.0,0.0,0.0,-0.0011921540287938802,0.9999992893841334,-0.0023843086223636336
1.5907305270000052,1779099287.2755878,map,-0.014433910132680274,0.008754032460498946,0.0,0.0,0.0,-0.001196189682185694,0.9999992845648662,-0.002392379934902302
1.6185060330001306,1779099287.3005238,map,-0.013749024275887967,0.0031339301477019167,0.0,0.0,0.0,-0.0006929307827657489,0.9999997599234364,-0.0013858616764358025
1.646157140000014,1779099287.3256035,map,-0.00920647668973788,-0.006554670040558725,0.0,0.0,0.0,-0.0010247165187225247,0.9999994749778903,-0.0020494333961110106
1.868539255000087,1779099287.5506022,map,-0.010173065028043356,-0.0010704142491548476,0.0,0.0,0.0,-0.0009197570320099772,0.9999995770234116,-0.001839514323377126
1.906710829000076,1779099287.5755808,map,-0.014098178622453645,0.001930636370503071,0.0,0.0,0.0,-0.001136473508539649,0.9999993542137737,-0.0022729475063587167
1.949159760999919,1779099287.6255412,map,-0.014089867056671321,0.0017339092188676166,0.0,0.0,0.0,-0.001153202450251896,0.9999993350618334,-0.002306405411709477
1.9668457499999477,1779099287.6505418,map,-0.01323514016678391,-0.0035632513768134675,0.0,0.0,0.0,-0.00030221295987021554,0.9999999543336624,-0.0006044259289410706
1.9944517779999842,1779099287.675527,map,-0.011091842114884199,-3.251445650579219e-05,0.0,0.0,0.0,-0.0007379128036665574,0.99999972774231,-0.0014758257412680862
2.011878273000093,1779099287.7005415,map,-0.014873327254455029,0.004239705814912632,0.0,0.0,0.0,-0.0006392989248613046,0.9999997956484215,-0.0012785979368171126
2.049828327000114,1779099287.7255921,map,-0.01673457296596317,0.01514816919599847,0.0,0.0,0.0,-0.0014773288161827507,0.9999989087491891,-0.0029546587071234832
2.0673059759999433,1779099287.7505715,map,-0.012611223817260504,0.00327017354495911,0.0,0.0,0.0,-0.0010800091142143962,0.9999994167899865,-0.0021600186483436436
2.094933181999977,1779099287.7755685,map,-0.012651073052823677,0.007470417909673097,0.0,0.0,0.0,-0.0011442424699425549,0.9999993453543707,-0.0022884854392674616
2.1122752109999965,1779099287.8005447,map,-0.008037873796668486,-0.0007127651457523305,0.0,0.0,0.0,-0.0010405507403579962,0.9999994586269318,-0.0020811018562668384
2.1501370729999962,1779099287.8255882,map,-0.006652086267438219,-0.012120335385389366,0.0,0.0,0.0,-0.0012472552039367,0.9999992221769257,-0.0024945110546361867
2.1940323420001278,1779099287.8755863,map,-0.007584005376889632,0.008206914273983058,0.0,0.0,0.0,-0.001787531044366014,0.9999984023651065,-0.003575063992614558
2.2113073420000546,1779099287.9005632,map,-0.009304929105889896,0.006125058332578884,0.0,0.0,0.0,-0.000713031570076468,0.9999997457929578,-0.0014260632609913793
2.2403060540000297,1779099287.9255643,map,-0.012137203552245106,0.005669396053719595,0.0,0.0,0.0,-0.0011762663154507526,0.9999993081985383,-0.0023525331733968264
2.266693608999958,1779099287.9505692,map,-0.012128509340835427,0.006241492423264392,0.0,0.0,0.0,-0.0011170930312837317,0.9999993760513851,-0.0022341865272400125
2.2944501229999332,1779099287.9755566,map,-0.013181145224155491,0.0019518500637960925,0.0,0.0,0.0,-0.0010136133613298294,0.9999994862938449,-0.0020272270697926785
2.311969586000032,1779099288.000537,map,-0.01742357163664888,-0.0014631396055120541,0.0,0.0,0.0,-0.0009273667032037022,0.9999995699954065,-0.0018547336722554118
2.3499156410000523,1779099288.0256755,map,-0.01573644097839235,0.0010631098729230585,0.0,0.0,0.0,-0.0008693407081035022,0.9999996221232953,-0.001738681635209439
2.3776494700000512,1779099288.0505724,map,-0.014117797778385835,-0.0016368048935450324,0.0,0.0,0.0,-0.0006743274522259645,0.9999997726412178,-0.0013486550066614505
2.411063389999981,1779099288.1005287,map,-0.012448158791618922,-0.00273045084153629,0.0,0.0,0.0,-0.0007129283926594952,0.9999997458665212,-0.0014258569061049845
2.4402151619999586,1779099288.1255789,map,-0.009954356158688065,0.00132442202562378,0.0,0.0,0.0,-0.001267897503096511,0.9999991962176378,-0.002535795685602341
2.466545584999949,1779099288.1506293,map,-0.009951172400663023,0.0014090461939862652,0.0,0.0,0.0,-0.0012051984925792634,0.999999273748033,-0.0024103975686772133
2.494301612000072,1779099288.1755712,map,-0.016325174105017725,0.023553775282304814,0.0,0.0,0.0,-0.0014513015658381115,0.999998946861328,-0.002902604150624521
2.5116583369999717,1779099288.2004788,map,-0.015498515946850476,-0.01712519977772986,0.0,0.0,0.0,-0.0004506479023530784,0.9999998984582289,-0.0009012958352125487
2.549248777999992,1779099288.2255602,map,-0.01609186890923712,0.00015600100388337259,0.0,0.0,0.0,-0.0009913604894640582,0.9999995086020692,-0.0019827213036965087
2.568058184999927,1779099288.250602,map,-0.015163955558969027,0.006283673108241545,0.0,0.0,0.0,-0.0009552280680344386,0.999999543769565,-0.0019104564266050083
2.5944041170000673,1779099288.2755446,map,-0.015156342863328866,0.0069490896774622325,0.0,0.0,0.0,-0.0009416644692047238,0.9999995566339155,-0.0018833292167442228
2.611880782000071,1779099288.3005393,map,-0.008652640524049486,-0.005613478086494204,0.0,0.0,0.0,-0.001131836931454631,0.9999993594723752,-0.0022636743462246004
2.6496038830000543,1779099288.3255742,map,-0.00895067315660885,0.017840177979138894,0.0,0.0,0.0,-0.0019084289615714043,0.9999981789477912,-0.00381686024004368
2.67843043400012,1779099288.3505623,map,-0.009867178974324313,-0.00424188694883707,0.0,0.0,0.0,-0.0012894923996526627,0.99999916860433,-0.0025789855140244946
2.722052137999981,1779099288.400547,map,-0.012117586016569454,-0.0016062067991375122,0.0,0.0,0.0,-0.0007665268324223664,0.9999997062182645,-0.0015330538149724727
2.740688631000012,1779099288.4255867,map,-0.01830388651035086,0.010146207735923913,0.0,0.0,0.0,-0.0011447197912589097,0.9999993448080852,-0.0022894400825253856
2.767107894999981,1779099288.4505675,map,-0.0182971500726976,0.011686514469625143,0.0,0.0,0.0,-0.0011121280214557235,0.9999993815854408,-0.002224256501415667
2.7948590450000665,1779099288.4755642,map,-0.008028434602824732,-0.013766761848012544,0.0,0.0,0.0,-0.0012954285475170345,0.9999991609320872,-0.0025908578196693305
2.8121890790000634,1779099288.5005438,map,-0.01217945565639052,0.009916134653236127,0.0,0.0,0.0,-0.0010091223285320125,0.9999994908359334,-0.002018244999603314
2.849828810999952,1779099288.5255604,map,-0.013550710628472252,0.006373654935386422,0.0,0.0,0.0,-0.0007652582136198635,0.9999997071898904,-0.0015305165766233055
2.878718827000057,1779099288.5505593,map,-0.009379000532828367,-0.004213239022620222,0.0,0.0,0.0,-0.0007789011551898776,0.9999996966564493,-0.0015578024678962025
2.9124051389999295,1779099288.6005604,map,-0.013591609797845633,0.01860564092453875,0.0,0.0,0.0,-0.0016904481626196896,0.999998571191484,-0.00338089793545812
2.9401135079999676,1779099288.6255605,map,-0.009711605082128068,-0.00670858074540627,0.0,0.0,0.0,-0.0009305977754822763,0.9999995669937964,-0.0018611958196010057
2.9674430289999236,1779099288.650543,map,-0.013874050570893906,-0.003394603630450237,0.0,0.0,0.0,-0.0008747732220295365,0.9999996173858319,-0.0017495466671928596
2.994994497000107,1779099288.6755576,map,-0.018233105477417716,0.014585683980172662,0.0,0.0,0.0,-0.001143209965628557,0.9999993465352738,-0.0022864204292888358
3.0225093149999793,1779099288.7005405,map,-0.012292574770394792,-0.007167873532268464,0.0,0.0,0.0,-0.0008184624371740575,0.9999996650595634,-0.0016369250571055837
3.0412350209999204,1779099288.7255971,map,-0.01206123814913465,0.003702816040744271,0.0,0.0,0.0,-0.0012503978977419898,0.9999992182522431,-0.002500796447148018
3.0791148610001073,1779099288.7505608,map,-0.012460815385963922,0.0061441040446416385,0.0,0.0,0.0,-0.0008961219545711134,0.9999995984826406,-0.0017922441490146124
3.11362060700003,1779099288.8005624,map,-0.011207333315255173,0.002181794318360515,0.0,0.0,0.0,-0.0013873473590994858,0.9999990376331895,-0.0027746956082906828
3.141172450000113,1779099288.8255575,map,-0.014408062898600417,-0.0016378546294475598,0.0,0.0,0.0,-0.0007960251425353111,0.9999996831719361,-0.0015920504532060467
3.170183769999994,1779099288.850546,map,-0.013462774026627343,0.002067268220698077,0.0,0.0,0.0,-0.0011556778723358686,0.9999993322041048,-0.002311356259176501
3.1977347879999343,1779099288.8755612,map,-0.011819423951360838,0.0100520413148914,0.0,0.0,0.0,-0.0013278510712940593,0.9999991184053777,-0.00265570292300597
3.225448961999973,1779099288.9005666,map,-0.014204604928145962,0.003754952571993986,0.0,0.0,0.0,-0.0011272716937876174,0.9999993646290624,-0.002254543865065805
3.269374403000029,1779099288.950569,map,-0.0090692513053239,0.007408769244914381,0.0,0.0,0.0,-0.0018130023181403038,0.9999983565099467,-0.003626006622716098
3.296936366999944,1779099288.975561,map,-0.013171882683208127,-0.012597048655501127,0.0,0.0,0.0,-0.0009010738643039997,0.9999995940328632,-0.0018021479724789572
3.3143909949999397,1779099289.0005631,map,-0.017146984872219894,0.0032824918073117524,0.0,0.0,0.0,-0.0009873518540461136,0.9999995125680394,-0.0019747040289368567
3.3420236419999583,1779099289.025564,map,-0.010122747020937383,0.016688800181920507,0.0,0.0,0.0,-0.0013045399698760197,0.9999991490873715,-0.0026090806797853146
3.3796894340000563,1779099289.050559,map,-0.010597811026988146,-6.10606722404065e-05,0.0,0.0,0.0,-0.001034940823054911,0.999999464448603,-0.0020698820156192367
3.4233280420000938,1779099289.1005616,map,-0.013891465790114226,-0.0037315394232863646,0.0,0.0,0.0,-0.0015214788641636605,0.9999988425503631,-0.003042958902351304
3.441938521000111,1779099289.1255634,map,-0.012367047190333267,0.008095008574215449,0.0,0.0,0.0,-0.0015709402794638525,0.9999987660725579,-0.003141881851212557
3.4681340710001223,1779099289.150586,map,-0.012359040739304397,0.009034753554040948,0.0,0.0,0.0,-0.0015393184820153192,0.9999988152486037,-0.0030786381798376954
3.4958330810000007,1779099289.1755633,map,-0.013132723065712625,0.0006414507808218894,0.0,0.0,0.0,-0.0010711095672134262,0.999999426361983,-0.002142219544046392
3.5234421800000746,1779099289.2005475,map,-0.010036501068957844,-0.014682563366955118,0.0,0.0,0.0,-0.0010488103193509477,0.9999994499983058,-0.0020976210232669483
3.542242281999961,1779099289.2255402,map,-0.014929096703292587,0.005164234018668689,0.0,0.0,0.0,-0.0007933272351636634,0.9999996853158994,-0.0015866546367589928
3.5698589190001258,1779099289.2505352,map,-0.007314851581869961,-0.009122001514989611,0.0,0.0,0.0,-0.0006879286006335429,0.9999997633770923,-0.0013758573097868733
3.5963162400000783,1779099289.2755396,map,-0.007312385052231161,-0.01137815421339762,0.0,0.0,0.0,-0.0006558177875050987,0.9999997849514917,-0.0013116356690319635
3.6139252929999657,1779099289.3005538,map,-0.013767756839629233,0.009257269701156402,0.0,0.0,0.0,-0.0013758940637261887,0.9999990534573148,-0.002751788995681014
3.641696301000138,1779099289.3254755,map,-0.01434687241989015,0.0028974708080585928,0.0,0.0,0.0,-0.0006993169812290863,0.99999975547785,-0.0013986340764571784
3.6795314739999867,1779099289.3504722,map,-0.01164626286505085,-0.0010750249684703286,0.0,0.0,0.0,-0.0009035515682317033,0.9999995917971984,-0.0018071033823516343
3.72458531999996,1779099289.4004655,map,-0.012927939829765454,0.0038446890880262817,0.0,0.0,0.0,-0.000552268982016712,0.9999998474994741,-0.0011045380201809678
3.7433617700000923,1779099289.4254565,map,-0.015731370933600317,0.004546663359738187,0.0,0.0,0.0,-0.0008536808061037332,0.9999996356144742,-0.001707361819586783
3.779959652000116,1779099289.450475,map,-0.015725101906875434,0.004888833540335483,0.0,0.0,0.0,-0.0008915571421694766,0.9999996025628521,-0.0017831145205642759
3.8251065960000687,1779099289.5005348,map,-0.012457903829052522,-0.0030048836220000056,0.0,0.0,0.0,-0.0008149197501684043,0.9999996679528453,-0.0016298396807313555
3.8700337990001117,1779099289.550551,map,-0.013168934509380933,0.009800594154560903,0.0,0.0,0.0,-0.001421479487898605,0.9999989896975224,-0.0028429599332137627
3.8976018769999428,1779099289.5755346,map,-0.013253970565550515,0.008051999834634551,0.0,0.0,0.0,-0.0012210718342708388,0.99999925449151,-0.0024421442754214715
3.925398528999949,1779099289.600546,map,-0.011314211714774116,-0.010348069897351514,0.0,0.0,0.0,-0.001002876253132231,0.999999497119484,-0.0020057528424824818
3.970439813999974,1779099289.650539,map,-0.0107924022723136,0.00404484724765067,0.0,0.0,0.0,-0.0012227829611475979,0.9999992524006356,-0.002445566531729888
3.9980535140000484,1779099289.6755285,map,-0.010788256586066275,0.003473707143503815,0.0,0.0,0.0,-0.0008885106166821751,0.9999996052743642,-0.0017770214671763325
4.02598778100014,1779099289.700512,map,-0.015838734425077536,0.00803813519784207,0.0,0.0,0.0,-0.0011301829686226736,0.9999993613430248,-0.002260366418444961
4.061012785999992,1779099289.7505865,map,-0.012696165462005688,-0.006630083483628137,0.0,0.0,0.0,-0.0011696823787461586,0.9999993159213325,-0.0023393652909289723
4.0900404369999706,1779099289.775542,map,-0.010028633192420292,0.006616170822985757,0.0,0.0,0.0,-0.0013140734869543582,0.9999991366050628,-0.0026281477302852415
4.129483183000048,1779099289.800545,map,-0.013049694503501595,0.001493509533347512,0.0,0.0,0.0,-0.0009167839958413989,0.9999995797534642,-0.00183356824853304
4.164524703000097,1779099289.8505318,map,-0.01344287630936435,0.004579934259597662,0.0,0.0,0.0,-0.0008590650820583913,0.9999996310035244,-0.0017181303754448057
4.1922236600000815,1779099289.875532,map,-0.01195821965527103,-0.006071827297708628,0.0,0.0,0.0,-0.0007619531051438151,0.9999997097136907,-0.0015239063577440174
4.2201155350001045,1779099289.9005282,map,-0.009137166370134082,0.018437626534261304,0.0,0.0,0.0,-0.0023582420226448417,0.9999972193434153,-0.004716488416935352
4.248014815000033,1779099289.9255552,map,-0.009600720780562786,0.007838770500636092,0.0,0.0,0.0,-0.0013493061375764938,0.9999990896860592,-0.0026986130940147442
4.274374191000106,1779099289.9504874,map,-0.00959366066247627,0.008736000091053579,0.0,0.0,0.0,-0.0013917893710082088,0.9999990314607043,-0.00278357964068523
4.291939839999941,1779099289.9755473,map,-0.015024298600055726,-0.006891410875298098,0.0,0.0,0.0,-0.0006458226729470958,0.9999997914565159,-0.0012916454356822727
4.321094581000125,1779099290.0004709,map,-0.013234465393698562,0.0003686764063143763,0.0,0.0,0.0,-0.0007632273841307966,0.9999997087419377,-0.00152645491645903
4.347586407000108,1779099290.0255404,map,-0.013229593699793568,7.005694544265015e-06,0.0,0.0,0.0,-0.0007400999992304371,0.9999997261259581,-0.0014802001335903414
4.375406745999953,1779099290.0504713,map,-0.008911599877376653,0.0057380308834068545,0.0,0.0,0.0,-0.001866472735580053,0.9999982581382466,-0.003732947638586597
4.420593926000038,1779099290.1004717,map,-0.00882798848284985,-0.0006664535390275247,0.0,0.0,0.0,-0.001207689395194917,0.9999992707428965,-0.0024153793775340527
4.448498962000031,1779099290.1255374,map,-0.012489091634870528,-0.0034788116085254783,0.0,0.0,0.0,-0.0007121293827032603,0.999999746435839,-0.001424258885786859
4.474908439000046,1779099290.150487,map,-0.012484647005118425,-0.0044757801313826135,0.0,0.0,0.0,-0.0007395073426649749,0.9999997265644077,-0.00147901482013505
4.492555968000033,1779099290.1755414,map,-0.013398711005531938,0.005466881618709665,0.0,0.0,0.0,-0.0008803295060797529,0.9999996125099053,-0.0017606592395721834
4.5205059140000685,1779099290.200483,map,-0.012721962839977103,0.010081498008208187,0.0,0.0,0.0,-0.001181032523393436,0.9999993025808461,-0.002362065595903494
4.548128367000118,1779099290.2254946,map,-0.018971969733319185,0.017053585452389428,0.0,0.0,0.0,-0.0011219889421066498,0.9999993705702088,-0.002243978355022262
4.570155400999965,1779099290.2505841,map,-0.009858798345941056,-0.03213851504562831,0.0,0.0,0.0,-0.0006751944332853827,0.9999997720562127,-0.0013503889691750257
4.597907907000035,1779099290.2754881,map,-0.00819347689583954,0.001633775320671473,0.0,0.0,0.0,-0.001755893548177054,0.9999984584177355,-0.003511788900924789
4.625626523999927,1779099290.3005302,map,-0.012259698267994815,0.01870019788264531,0.0,0.0,0.0,-0.00136284366020142,0.9999990713281477,-0.0027256881641595176
4.670682859999943,1779099290.350563,map,-0.016127723374454915,0.006783955691315322,0.0,0.0,0.0,-0.0011013252982867538,0.9999993935411098,-0.002202651041845961
4.698285982000016,1779099290.375532,map,-0.013294735416278545,0.007887649017713572,0.0,0.0,0.0,-0.001406762965925552,0.9999990105084893,-0.0028135268598381462
4.726144631000125,1779099290.400548,map,-0.008937924260561309,-0.01855056570931438,0.0,0.0,0.0,-0.001263048082351415,0.9999992023544527,-0.0025260968363461636
4.771351457000037,1779099290.4504786,map,-0.012017503710415758,0.0006586948190542853,0.0,0.0,0.0,-0.0006126448199301021,0.9999998123331447,-0.0012252897165089612
4.799113921000071,1779099290.475471,map,-0.008932818207995335,0.011257381973341772,0.0,0.0,0.0,-0.0017251103614422513,0.9999985119960134,-0.003450222434199585
4.8266870380000455,1779099290.500474,map,-0.01067071969467946,0.004708403222654502,0.0,0.0,0.0,-0.0017620236664060117,0.9999984476350946,-0.003524049156348957
4.871857507999948,1779099290.5505688,map,-0.015631792371278617,0.00010964281437523919,0.0,0.0,0.0,-0.0013528861759615606,0.9999990848490787,-0.0027057731773201103
4.899590332000116,1779099290.5755336,map,-0.016283718274825654,0.006471697956097733,0.0,0.0,0.0,-0.0012204245275365868,0.9999992552817091,-0.0024408496609883332
4.92734211700008,1779099290.6005304,map,-0.011205857946888087,-0.002294179828233857,0.0,0.0,0.0,-0.0011638439473356376,0.9999993227334038,-0.0023276884201598367
4.9727286029999505,1779099290.6505594,map,-0.011293465794895189,-0.00020389326547369285,0.0,0.0,0.0,-0.0008266853920270731,0.9999996582955729,-0.0016533709723755442
4.990295995999986,1779099290.675541,map,-0.011619828550243873,0.0007480102358225048,0.0,0.0,0.0,-0.0008718346639581624,0.9999996199520872,-0.001743669548808988
5.029509031000089,1779099290.7004695,map,-0.010321848828933663,-0.0002962838049627406,0.0,0.0,0.0,-0.0008396250202186719,0.9999996475148506,-0.0016792502377409387
5.07359458399992,1779099290.7505543,map,-0.011459573889293286,0.02039398620393807,0.0,0.0,0.0,-0.0017500693248605496,0.9999984686275065,-0.003500140436394211
5.091187611000123,1779099290.7754936,map,-0.006008120215126625,0.013675086030344157,0.0,0.0,0.0,-0.0018363103866564062,0.9999983139806606,-0.0036726228373507547
5.120535238000002,1779099290.8004744,map,-0.009465167804558848,-0.0024056022435288943,0.0,0.0,0.0,-0.0011504132657424399,0.9999993382744401,-0.002300827038990256
5.148277306999944,1779099290.8254735,map,-0.011491144205043744,0.011210924256091683,0.0,0.0,0.0,-0.0014825244405581375,0.9999989010600377,-0.0029650499672536548
5.174678116999985,1779099290.8504832,map,-0.011478844601956579,0.012916738998847415,0.0,0.0,0.0,-0.0014951880000291377,0.9999988822057976,-0.0029903771142670925
5.192433687999937,1779099290.875545,map,-0.009939914706852016,0.0010649290379252624,0.0,0.0,0.0,-0.0014782277051426872,0.9999989074208291,-0.002956456487006379
5.220282478999934,1779099290.900476,map,-0.012744653001859915,-0.004585486058426239,0.0,0.0,0.0,-0.0012079255792790578,0.9999992704576314,-0.002415851746046879
5.248345276000009,1779099290.9255776,map,-0.008562094933024884,0.004765457368825998,0.0,0.0,0.0,-0.0016283417175009059,0.9999986742507467,-0.003256684874184452
5.276185300999941,1779099290.95049,map,-0.01779088405431916,0.009235484353191053,0.0,0.0,0.0,-0.0011586472263885159,0.9999993287680772,-0.0023172949712578416
5.321552889000031,1779099291.0004795,map,-0.007663487459431196,-0.002574366289426405,0.0,0.0,0.0,-0.0010075350201835729,0.9999994924364628,-0.0020150703812925742
5.34053916300013,1779099291.0255563,map,-0.010292008042157212,0.006984304539076499,0.0,0.0,0.0,-0.0018613202709664327,0.9999982677419241,-0.0037226426914590692
5.370105445000036,1779099291.0504797,map,-0.012776063016973148,0.004566621602287849,0.0,0.0,0.0,-0.0011209037209466476,0.9999993717872269,-0.0022418079113374367
5.397883311999976,1779099291.0755572,map,-0.016464412252410528,0.0026142251185805724,0.0,0.0,0.0,-0.001387675802272955,0.9999990371774704,-0.002775352495269937
5.425785465999979,1779099291.1005068,map,-0.0098349618883629,-0.0048697783740009595,0.0,0.0,0.0,-0.0018335724400169433,0.9999983190046408,-0.0036671469348531103
5.479947082000081,1779099291.1504815,map,-0.011963757539747053,-0.00014183971633764236,0.0,0.0,0.0,-0.0011236610015727625,0.9999993686927775,-0.0022473224760625153
5.525259646999984,1779099291.2004874,map,-0.01384696657481099,0.002910915779440778,0.0,0.0,0.0,-0.0008671574357826851,0.9999996240189202,-0.001734315088921929
5.579487885999924,1779099291.2504802,map,-0.01366814071280234,-0.002377307130246837,0.0,0.0,0.0,-0.0004980825190498638,0.9999998759568944,-0.0009961650792888648
5.625136768999937,1779099291.3004723,map,-0.007845808319582882,0.002619008402495371,0.0,0.0,0.0,-0.0007654730088871518,0.9999997070254935,-0.0015309461672837058
5.670617617000062,1779099291.3504746,map,-0.008023318702200983,0.005102800134962065,0.0,0.0,0.0,-0.001063097874950092,0.9999994349112945,-0.002126196150396676
5.6984324790000755,1779099291.3755333,map,-0.009400486184731502,0.001624066913788701,0.0,0.0,0.0,-0.0005639409792814174,0.9999998409852733,-0.001127882018346119
5.726235795000093,1779099291.4004855,map,-0.008027394425698288,0.012932262220352788,0.0,0.0,0.0,-0.0005790100384224834,0.9999998323736737,-0.001158020141549855
5.771772471000077,1779099291.4504857,map,-0.0016391328207282364,0.0017407455300072813,0.0,0.0,0.0,0.000280869682447242,0.99999996055611,0.0005617393722802127
5.799627776000079,1779099291.4755633,map,0.0011603425963552841,0.0014164181303463479,0.0,0.0,0.0,0.0005916730529764679,0.9999998249614839,0.001183346174996656
5.827401951999946,1779099291.5004716,map,0.00795912111794891,0.003319081804781587,0.0,0.0,0.0,0.0007157177162101093,0.9999997438740426,0.001431435554629488
5.8730979530000695,1779099291.550473,map,0.03090926125436808,0.013258400125412267,0.0,0.0,0.0,0.001452993915201274,0.999998944403784,0.0029059888529195652
5.891075156999932,1779099291.5755436,map,0.018119601753299845,0.01370588906498292,0.0,0.0,0.0,0.0026657664809512068,0.9999964468382221,0.005331539276511102
5.921136429999933,1779099291.600472,map,0.05916744342703263,-6.231524202461938e-05,0.0,0.0,0.0,0.003411040608804442,0.9999941823840602,0.006822094447055814
5.9490974350001125,1779099291.6255176,map,0.06610135978357612,0.0009282182478806871,0.0,0.0,0.0,0.003672994293816591,0.9999932545337082,0.00734600510505055
5.975499012,1779099291.6504717,map,0.0702186461023119,0.00010394440304663244,0.0,0.0,0.0,0.004005006417247462,0.9999919799296382,0.008010034248185796
6.021108654000045,1779099291.7004714,map,0.09683884190247032,0.002686845109697872,0.0,0.0,0.0,0.005884238883373642,0.9999826877165241,0.011768545680291972
6.050888578000013,1779099291.725541,map,0.11304873305403142,0.007110278110459575,0.0,0.0,0.0,0.00701299546363123,0.9999754086449463,0.014026105901101033
6.077321450999989,1779099291.7504818,map,0.11794420246484097,0.007612647424306361,0.0,0.0,0.0,0.006952687384014508,0.9999758297769703,0.013905486801115315
6.1232828849999805,1779099291.800491,map,0.1549411769854014,0.0058436684244333355,0.0,0.0,0.0,0.007050135383152622,0.9999751474867159,0.014100387576521966
6.141199179000068,1779099291.8254664,map,0.1606564058423319,0.026409632514065823,0.0,0.0,0.0,0.006969828660429366,0.9999757104492311,0.013939770184626697
6.171106513000041,1779099291.850483,map,0.20313743376937746,-0.003143905431464579,0.0,0.0,0.0,0.00722068949106828,0.9999739304818269,0.014441504476709135
6.201452710000012,1779099291.8755336,map,0.2487390431652237,0.0019381151122615033,0.0,0.0,0.0,0.0064722615793186625,0.9999790546956716,0.012944613535053492
6.229712604000042,1779099291.9004753,map,0.2596589221209529,0.00848110840391775,0.0,0.0,0.0,0.005796710321410022,0.9999831989335869,0.011593485570533111
6.274512292000054,1779099291.95049,map,0.2959488334573855,0.001139511417423599,0.0,0.0,0.0,0.005342068796879835,0.9999857310486833,0.01068418841119611
6.2922894480000195,1779099291.9755437,map,0.3299621307397523,-0.012103176516550443,0.0,0.0,0.0,0.0052660729699102165,0.9999861341416069,0.010532194619171818
6.320476089000067,1779099292.0005326,map,0.3762072676814852,-0.0035842739499971493,0.0,0.0,0.0,0.0034681813957862353,0.999993985840818,0.006936376697069248
6.348613912000019,1779099292.025533,map,0.3949634392063095,-0.0024185015463539846,0.0,0.0,0.0,0.00416995511935706,0.9999913056993559,0.00833993440869383
6.375090045999968,1779099292.0505438,map,0.3900412894377909,-0.003068652719444482,0.0,0.0,0.0,0.0022759160811876796,0.9999974100996419,0.004551836091976679
6.420718326000042,1779099292.1005464,map,0.47285948691325475,0.001014977713170124,0.0,0.0,0.0,0.0009960582559735913,0.9999995039338523,0.0019921168413544357
6.450772576999952,1779099292.1255362,map,0.4552124892014095,-0.00044787693551454066,0.0,0.0,0.0,-0.00295855451950481,0.9999956234680005,-0.005917117671163749
6.477187517999937,1779099292.15056,map,0.481021646443486,-0.0006318058222343108,0.0,0.0,0.0,-0.004292166391241235,0.9999907886114101,-0.008584359140454603
6.523419042000114,1779099292.2005336,map,0.5364816526983077,-0.011556860987649159,0.0,0.0,0.0,-0.005715923462028678,0.9999836639760553,-0.011431909174772489
6.541392146000135,1779099292.2255585,map,0.5536052541794302,-0.019286237787456348,0.0,0.0,0.0,-0.006983938368176461,0.9999756120050476,-0.01396799028696308
6.57126826800004,1779099292.250539,map,0.6271215244905166,-0.01552020683696758,0.0,0.0,0.0,-0.010187733734155815,0.9999481036940677,-0.020375819946126313
6.6011776320001445,1779099292.2755375,map,0.6712850585141662,-0.020808300920821702,0.0,0.0,0.0,-0.013379646918153456,0.9999104885180201,-0.026760092286244503
6.629278858000134,1779099292.30054,map,0.7072263605560654,-0.02158569320001609,0.0,0.0,0.0,-0.015277007321780802,0.9998832997141668,-0.030555203253126974
6.673616335000133,1779099292.3505635,map,0.7023444950770213,-0.022631270919096128,0.0,0.0,0.0,-0.016871406650899232,0.9998576676895667,-0.03374441429047372
6.691302985999982,1779099292.3755474,map,0.7089319402129064,-0.023007225359045792,0.0,0.0,0.0,-0.019312735695087183,0.9998134917273179,-0.03862787289265219
6.721614178999971,1779099292.4005423,map,0.8117213853157974,-0.033730186201352826,0.0,0.0,0.0,-0.024426353528692546,0.9997016321149482,-0.04885756633029169
6.74809892899998,1779099292.425552,map,0.8423901281056969,-0.03683692305181889,0.0,0.0,0.0,-0.025748571813359652,0.9996684505622714,-0.051502835664607935
6.776918724000097,1779099292.4505506,map,0.8666492502315314,-0.04254641099173727,0.0,0.0,0.0,-0.026862232861564195,0.9996391451147215,-0.053730928901350845
6.8050506629999745,1779099292.4755547,map,0.8850139202142902,-0.04631438060373799,0.0,0.0,0.0,-0.028602178026650774,0.9995908740140297,-0.057212158593062556
6.840844020000077,1779099292.5255413,map,0.9197198581821909,-0.049791836975862466,0.0,0.0,0.0,-0.03453528498232405,0.9994034791270189,-0.06908430725476697
6.871367398000075,1779099292.550547,map,0.9202533870123356,-0.061553441007536486,0.0,0.0,0.0,-0.03899008470529056,0.9992395975413877,-0.07799994086193017
6.899859019000132,1779099292.5755465,map,0.9764394620842102,-0.06359933248794568,0.0,0.0,0.0,-0.04265428668032178,0.9990898917653972,-0.0853344627974638
6.928095238999958,1779099292.600536,map,1.0158210907501062,-0.06711656516930439,0.0,0.0,0.0,-0.04621573334553341,0.9989314821304486,-0.09246440232637873
6.9550297830001,1779099292.625533,map,1.047402973312702,-0.07098170490292749,0.0,0.0,0.0,-0.050043033866502266,0.9987470624544715,-0.1001278892243241
6.9910947509999914,1779099292.675564,map,1.0552416524284995,-0.07552558217009614,0.0,0.0,0.0,-0.053418249536682685,0.9985722260389764,-0.10688737425367546
7.029859472999988,1779099292.7005174,map,1.0722078170476417,-0.09341518186171356,0.0,0.0,0.0,-0.057049529123851736,0.998371349361923,-0.11416104113030748
7.066091307000079,1779099292.750523,map,1.133820486485237,-0.09738903537434829,0.0,0.0,0.0,-0.06405017599918128,0.9979466794145236,-0.12818810110333212
7.108470313999987,1779099292.7755353,map,1.1607109883410012,-0.10734052213690028,0.0,0.0,0.0,-0.07623861200623697,0.9970896018108716,-0.15262531957919886
7.126485496999976,1779099292.800575,map,1.1640359820269117,-0.11084139872836046,0.0,0.0,0.0,-0.08012605388114044,0.9967847387924017,-0.1604240797517376
7.153269189999946,1779099292.8255398,map,1.182056304640255,-0.11590711673346928,0.0,0.0,0.0,-0.08389524397056337,0.9964745797255039,-0.16798794374442863
7.199359343999959,1779099292.8754678,map,1.226644674063369,-0.13093850476953003,0.0,0.0,0.0,-0.08898195163516173,0.996033238543372,-0.1781995907298456
7.227726410000059,1779099292.900538,map,1.2501107027082088,-0.13909153664841745,0.0,0.0,0.0,-0.09291941766158368,0.9956736321814655,-0.1861073023610491
7.256771287999982,1779099292.9255404,map,1.3002717321722366,-0.146641579942447,0.0,0.0,0.0,-0.09811211741802464,0.9951753676693127,-0.19654041503069633
7.303666680000106,1779099292.975611,map,1.3230264544085966,-0.16583266221840287,0.0,0.0,0.0,-0.10465769311536605,0.9945083042749165,-0.20969939537842688
7.329915237000023,1779099293.0006156,map,1.3446110961009032,-0.17379261646937555,0.0,0.0,0.0,-0.10965177537120543,0.9939700640149797,-0.21974541214212298
7.3762877510000635,1779099293.0506668,map,1.4004935994598524,-0.1834014778579611,0.0,0.0,0.0,-0.11385683891449705,0.9934971666957074,-0.22820856001914036
7.404330443999925,1779099293.0756495,map,1.4190144025128264,-0.18984807282967314,0.0,0.0,0.0,-0.1174615236746446,0.9930774342698715,-0.2354666429570185
7.450598076999995,1779099293.1257563,map,1.4742978325483223,-0.22503703269638325,0.0,0.0,0.0,-0.1257993998123861,0.9920556995485906,-0.2522671828619324
7.476885831000118,1779099293.1506815,map,1.4986184868066001,-0.23557980239869813,0.0,0.0,0.0,-0.1294180748146386,0.9915901178971444,-0.25956419315728463
7.5052939130000595,1779099293.1756406,map,1.4752983244887512,-0.2232506874887718,0.0,0.0,0.0,-0.1303412584808602,0.9914691908161472,-0.2614263333272202
7.525157559000036,1779099293.200661,map,1.5192524557448408,-0.2365365671605957,0.0,0.0,0.0,-0.13902567077019845,0.9902887775123458,-0.2789549252915134
7.552242890000116,1779099293.2256505,map,1.540460372949369,-0.24445220393654832,0.0,0.0,0.0,-0.14213536742997548,0.9898472292861894,-0.28523670410392193
7.597842893999996,1779099293.275757,map,1.5832994604199289,-0.2553518492995465,0.0,0.0,0.0,-0.14765494871906054,0.9890389355929178,-0.2963936207033566
7.627767757000129,1779099293.3006413,map,1.6016657976449333,-0.2724415243217726,0.0,0.0,0.0,-0.15593803787259258,0.9877668390589178,-0.3131540749354227
7.654090470000028,1779099293.325635,map,1.6224494130849823,-0.28131896097125264,0.0,0.0,0.0,-0.16029773860582688,0.9870687083470219,-0.3219845695180757
7.700559318999922,1779099293.3756413,map,1.663917837034426,-0.3143053851788539,0.0,0.0,0.0,-0.16380235849045044,0.9864931765364452,-0.32908769859173803
7.728572316000054,1779099293.4006677,map,1.7030270549570463,-0.33897953080104437,0.0,0.0,0.0,-0.1670573753633589,0.9859471757334192,-0.3356886868839306
7.775413281000056,1779099293.4506264,map,1.692115408317581,-0.3217391870458284,0.0,0.0,0.0,-0.1751768926358404,0.9845369755811365,-0.3521708723681746
7.803493522000053,1779099293.4756608,map,1.7348073745677022,-0.3498135346504654,0.0,0.0,0.0,-0.18022798860912592,0.9836248635134783,-0.3624364608649034
7.85193502900006,1779099293.5256152,map,1.8101737570825422,-0.38648528983049923,0.0,0.0,0.0,-0.19250130494084,0.9812967174081823,-0.3874209830758171
7.878758621000088,1779099293.5505636,map,1.8355058911232343,-0.3994795599922416,0.0,0.0,0.0,-0.19536589346337255,0.9807304255865922,-0.39326103783211586
7.90708467200011,1779099293.5756571,map,1.799550415800733,-0.39307729680345577,0.0,0.0,0.0,-0.19580048708774622,0.9806437524688573,-0.39414734218367464
7.9272368480001205,1779099293.6006439,map,1.8236090957606974,-0.3964335461657193,0.0,0.0,0.0,-0.20465308073047375,0.9788345705723344,-0.41221854676879094
7.9539302170001065,1779099293.6256711,map,1.8404306942357502,-0.40517962099089794,0.0,0.0,0.0,-0.20790542053220992,0.9781489335031374,-0.4188661997524564
8.000040347000095,1779099293.675781,map,1.8993854166747908,-0.45392727114390424,0.0,0.0,0.0,-0.21171294836624055,0.9773318921912216,-0.42665461265282567
8.02839014999995,1779099293.700645,map,1.9013725324931747,-0.45438005098703815,0.0,0.0,0.0,-0.21582273612978511,0.976432561198905,-0.43506869080796096
8.056654578999996,1779099293.7255576,map,1.9326113010374795,-0.472318975599749,0.0,0.0,0.0,-0.22035216875263025,0.975420382053816,-0.44435099767037706
8.075376763000122,1779099293.7506351,map,1.9412170372162123,-0.4777716118375006,0.0,0.0,0.0,-0.2247506021962907,0.974416321092994,-0.4533741655611863
8.103723274999993,1779099293.775703,map,1.9772098601713188,-0.5103478754641374,0.0,0.0,0.0,-0.22809865556318826,0.9736380247968266,-0.46024881991046046
8.15057227400007,1779099293.825668,map,2.0253566859253387,-0.5233956093604014,0.0,0.0,0.0,-0.2351999581115492,0.9719470045760342,-0.4748485848273121
8.179108881000047,1779099293.850641,map,2.0046874041087266,-0.526255663959744,0.0,0.0,0.0,-0.23778618463329945,0.9713175229540227,-0.4801720494574724
8.209213250999937,1779099293.875664,map,2.0335066153578367,-0.5387595979943235,0.0,0.0,0.0,-0.24365178727580625,0.9698627771789704,-0.4922586851816935
8.227946555000017,1779099293.900616,map,2.09661046164553,-0.5693682310124272,0.0,0.0,0.0,-0.24666864889709605,0.9690998801213843,-0.49848234127007807
8.254396124000095,1779099293.9256804,map,2.1169361883976303,-0.5810466289817937,0.0,0.0,0.0,-0.24837080567770717,0.9686650313121696,-0.5019959900780804
8.301609469000141,1779099293.9756627,map,2.148865409446768,-0.5984507645868025,0.0,0.0,0.0,-0.25220770095805894,0.9676731243438821,-0.5099220648649526
8.34999863600001,1779099294.025644,map,2.117892906171546,-0.6020046982181856,0.0,0.0,0.0,-0.25830973683481834,0.9660621511353847,-0.5225443005977178
8.378693496000096,1779099294.0506704,map,2.153806966180277,-0.613223131326365,0.0,0.0,0.0,-0.25925913939016126,0.9658077959111082,-0.5245100695261337
8.406647575000079,1779099294.0756323,map,2.1638300030132758,-0.6232597695992605,0.0,0.0,0.0,-0.26135828586943927,0.9652418590215556,-0.5288582656423324
8.425224565000008,1779099294.1006637,map,2.1975366825199947,-0.63858666426002,0.0,0.0,0.0,-0.26338219824579234,0.964691566070324,-0.5330530458520518
8.451738535999993,1779099294.125606,map,2.210746385690846,-0.6461463474474884,0.0,0.0,0.0,-0.2647358578519763,0.9643209660519563,-0.5358599936793907
8.501005664000104,1779099294.175632,map,2.227526249447864,-0.672106471506949,0.0,0.0,0.0,-0.2681487560278474,0.9633775192730615,-0.5429417953946442
8.529121880000048,1779099294.2006764,map,2.2634546020690967,-0.6812424038411974,0.0,0.0,0.0,-0.2700639081924832,0.9628423990933314,-0.5469188107194394
8.555921983999951,1779099294.2256064,map,2.291311872666962,-0.6970316241339629,0.0,0.0,0.0,-0.27210742639754115,0.9622668800802129,-0.5511648396791904
8.602838422000104,1779099294.275527,map,2.3007297434490956,-0.7130728630591664,0.0,0.0,0.0,-0.2737190988281497,0.9618096770862236,-0.5545153759095138
8.66000684300002,1779099294.3255312,map,2.320448285683452,-0.7334741396052188,0.0,0.0,0.0,-0.27661244983980526,0.9609815568436375,-0.5605344356530304
8.678102214000091,1779099294.350526,map,2.3555771196358406,-0.7602581802486282,0.0,0.0,0.0,-0.27775477201315363,0.960652011200685,-0.5629122501495888
8.708557829000029,1779099294.3755877,map,2.3646006816424596,-0.7633341395960962,0.0,0.0,0.0,-0.27981952927051285,0.9600526188906672,-0.5672122480350523
8.726877100000138,1779099294.4005466,map,2.4046204672519567,-0.7847198249884335,0.0,0.0,0.0,-0.28024691869106905,0.9599279475899019,-0.5681026516588358
8.753723588999947,1779099294.4255505,map,2.407258428541292,-0.7864075925452234,0.0,0.0,0.0,-0.2810000107747527,0.9597077648662581,-0.5696718911560207
8.802253177000011,1779099294.4755254,map,2.4534767513224356,-0.8298789484428776,0.0,0.0,0.0,-0.2841228444543804,0.9587878854361647,-0.5761828903778956
8.851658665000059,1779099294.5255318,map,2.5064514735409706,-0.8632223995034394,0.0,0.0,0.0,-0.28941664069750217,0.9572032219374175,-0.5872346802364379
8.879520873000047,1779099294.5505419,map,2.5081639213398836,-0.8643546452985069,0.0,0.0,0.0,-0.29068888369453755,0.956817627814425,-0.589893465922774
8.908398788000113,1779099294.57557,map,2.528110773333578,-0.8809885280109773,0.0,0.0,0.0,-0.291878419518686,0.9564554292904996,-0.5923803784237599
8.953384785000026,1779099294.6255622,map,2.548969379634262,-0.9055233472588593,0.0,0.0,0.0,-0.29095694508560327,0.9567361475905743,-0.5904538084493498
8.98176138000008,1779099294.6505785,map,2.5715008650240048,-0.9027148038481978,0.0,0.0,0.0,-0.293304405853949,0.9560191031076011,-0.5953628726674114
9.000494213000138,1779099294.6755998,map,2.590106475415075,-0.9095673640381063,0.0,0.0,0.0,-0.29549582521610596,0.955344030849543,-0.599948957567783
9.028624658000126,1779099294.7005541,map,2.6019421452269533,-0.9525910346794648,0.0,0.0,0.0,-0.29582025296794767,0.9552436222943231,-0.6006281784309341
9.055562448000046,1779099294.7255461,map,2.5955185048411913,-0.9536638548226182,0.0,0.0,0.0,-0.29647738178599514,0.9550398746069828,-0.602004160149236
9.102644935999933,1779099294.7755866,map,2.6384513655351847,-0.967798496282852,0.0,0.0,0.0,-0.2972085376205938,0.9548125916458309,-0.6035354947665394
9.132731313000022,1779099294.8005679,map,2.686709000556606,-0.994563124596143,0.0,0.0,0.0,-0.29850053261096565,0.9544094676976805,-0.606242345521443
9.159766532000049,1779099294.8255758,map,2.683758200054175,-0.9926289582868093,0.0,0.0,0.0,-0.29896528843069087,0.9542639867005115,-0.607216332579248
9.177928534000102,1779099294.850606,map,2.705039241259505,-1.0123304310127659,0.0,0.0,0.0,-0.3001023094809622,0.9539070205445564,-0.6095998106037728
9.207052320000003,1779099294.875604,map,2.7249491830525945,-1.0071596807714993,0.0,0.0,0.0,-0.30172418672345935,0.9533952565154009,-0.6130012155537469
9.225051307000058,1779099294.9005487,map,2.739088604490245,-1.0239067430650028,0.0,0.0,0.0,-0.3031462064550766,0.9529440579131054,-0.6159849854568336
9.254057771000134,1779099294.9255495,map,2.7510935199028093,-1.0458965722708997,0.0,0.0,0.0,-0.3035859387023147,0.9528040605613698,-0.6169079452859345
9.282540587000085,1779099294.950533,map,2.7722046965262486,-1.0499552208563756,0.0,0.0,0.0,-0.30379530555945977,0.9527373259823688,-0.617347435832361
9.303026390000014,1779099294.9755685,map,2.8043739701234864,-1.068296894665845,0.0,0.0,0.0,-0.3060328162362935,0.9520209637326706,-0.6220462150102317
9.331683213000133,1779099295.0005393,map,2.8108587573057044,-1.0948888856759134,0.0,0.0,0.0,-0.30587652441087115,0.9520711905179811,-0.6217178867311147
9.358578040000111,1779099295.0255568,map,2.8224771006676947,-1.1066999807701166,0.0,0.0,0.0,-0.30524549718020944,0.9522736930374622,-0.6203924394069139
9.376755598000045,1779099295.0505435,map,2.8383381469937032,-1.1058058791607812,0.0,0.0,0.0,-0.3060794623814615,0.9520059677902631,-0.6221442097273996
9.405586532000143,1779099295.0755413,map,2.851984441874746,-1.109844935914116,0.0,0.0,0.0,-0.3065672268538871,0.9518490087293874,-0.6231690030394309
9.434141093000108,1779099295.1005557,map,2.931967140503765,-1.1679808952329422,0.0,0.0,0.0,-0.30742384787052807,0.951572686535547,-0.6249691736709606
9.45289595700001,1779099295.1255581,map,2.9338782438933464,-1.1708426531134788,0.0,0.0,0.0,-0.30733393030609185,0.9516017314415786,-0.6247801892804181
9.481531526000026,1779099295.1505666,map,2.9820874336790983,-1.1813963147141158,0.0,0.0,0.0,-0.30817150868679694,0.9513308158751631,-0.6265407946740191
9.51054542099996,1779099295.2006445,map,2.982991008651444,-1.2254497513091716,0.0,0.0,0.0,-0.3067159293618433,0.9518011024766155,-0.6234814606844117
9.538969621999968,1779099295.225617,map,3.000844878022292,-1.2086323246530561,0.0,0.0,0.0,-0.30612368021908803,0.9519917501791293,-0.622237104455584
9.586010319000025,1779099295.275735,map,3.0286841062995906,-1.2312955107909525,0.0,0.0,0.0,-0.3019548063492148,0.9533222408622428,-0.6134850200501087
9.633077232999995,1779099295.3006427,map,3.048208863018153,-1.2359577321486914,0.0,0.0,0.0,-0.2964213634942911,0.9550572628194528,-0.6018868503211852
9.651490077000062,1779099295.3256686,map,3.0317355615332726,-1.224531946023671,0.0,0.0,0.0,-0.29422207444352355,0.9557370825233003,-0.5972829261260919
9.682085297999947,1779099295.3506162,map,3.067448919770245,-1.2411450968992246,0.0,0.0,0.0,-0.2907446191197419,0.9568006931712144,-0.5900099686225599
9.70030795799994,1779099295.3756733,map,3.070204685702752,-1.2561622312669243,0.0,0.0,0.0,-0.28793029583238217,0.9576513691014475,-0.5841298083081753
9.727233038000122,1779099295.4005592,map,3.088327449753511,-1.2695636475149312,0.0,0.0,0.0,-0.28680478973765394,0.957989046170957,-0.5817796679451973
9.755667488999961,1779099295.4255886,map,3.0889931337234637,-1.2582727600924752,0.0,0.0,0.0,-0.2861691097203176,0.9581791276383977,-0.580452686310276
9.784444296999936,1779099295.450485,map,3.1094698523379085,-1.2708178968165118,0.0,0.0,0.0,-0.282903672664144,0.9591483263776979,-0.5736402163963218
9.804538185999945,1779099295.4754748,map,3.1387899288953722,-1.2807065260667196,0.0,0.0,0.0,-0.27949616110746534,0.9601468095693438,-0.5665386343359795
9.833202647999997,1779099295.500554,map,3.1519328679999075,-1.2991241417989055,0.0,0.0,0.0,-0.2754955013815364,0.9613023607161983,-0.5582102247029964
9.859587960999988,1779099295.5255566,map,3.166542372949039,-1.3089584409179564,0.0,0.0,0.0,-0.27238667129625344,0.9621878721435575,-0.5517452532148784
9.888591013999985,1779099295.575472,map,3.1558736726425103,-1.3029401913097927,0.0,0.0,0.0,-0.2735375826868225,0.9618613158131737,-0.5541379389331108
9.93567611200001,1779099295.625551,map,3.1882537762012015,-1.2988765887255467,0.0,0.0,0.0,-0.26776150984700336,0.9634852224317989,-0.5421379059068278
9.982487457999923,1779099295.6505778,map,3.2203365269626603,-1.335281835981725,0.0,0.0,0.0,-0.2626193559755095,0.9648995149066086,-0.5314716906352679
10.002593398000045,1779099295.6755178,map,3.2210957688471287,-1.3142625639605383,0.0,0.0,0.0,-0.2580632324419597,0.9661280288148186,-0.5220339897720462
10.039730235999968,1779099295.725569,map,3.2401558925240517,-1.3194927449774783,0.0,0.0,0.0,-0.25741440288189915,0.9663011048265211,-0.5206909557132369
10.086510998999984,1779099295.7754796,map,3.2463041000795547,-1.2951877353087407,0.0,0.0,0.0,-0.2530976897011036,0.9674407265915385,-0.5117617265052508
10.133494933000065,1779099295.8005693,map,3.2512868020716454,-1.34057982253345,0.0,0.0,0.0,-0.24840112120686478,0.9686572577455725,-0.5020585827180895
10.151623399000073,1779099295.8255725,map,3.2456326001284883,-1.3168431364465378,0.0,0.0,0.0,-0.24795606980023055,0.9687712771594869,-0.5011397330350421
10.182396902999926,1779099295.8505511,map,3.247837583111786,-1.339159909929609,0.0,0.0,0.0,-0.24385086867382058,0.9698127416398606,-0.49266923095676524
10.200946803000079,1779099295.8754966,map,3.2603987646161037,-1.3418408682082419,0.0,0.0,0.0,-0.24274278793381215,0.9700906859186518,-0.49038441491127716
10.23213252000005,1779099295.9005682,map,3.2737000986806946,-1.3410644050187435,0.0,0.0,0.0,-0.2410316514962151,0.9705172553731372,-0.48685740472498357
10.25103328199998,1779099295.9255102,map,3.27154283610843,-1.3473684941465145,0.0,0.0,0.0,-0.24004235944078908,0.9707624146381539,-0.4848189720662201
10.27999287700004,1779099295.9505813,map,3.2780852857673985,-1.3411565655155897,0.0,0.0,0.0,-0.23926228044273362,0.9709549738053473,-0.48321198443613583
10.308705657000019,1779099295.9755714,map,3.280271532904062,-1.3501438810199626,0.0,0.0,0.0,-0.23878907041932912,0.9710714597022573,-0.48223731178312906
10.337125698000136,1779099296.0255885,map,3.2842539174055494,-1.3403593046067956,0.0,0.0,0.0,-0.23829737900387699,0.9711922359450176,-0.4812246966453383
10.384284084,1779099296.0505695,map,3.282760460966352,-1.353690322503668,0.0,0.0,0.0,-0.23784977040162109,0.9713019544507754,-0.48030297734950383
10.40122889700001,1779099296.0754797,map,3.2817893975729837,-1.355548128643432,0.0,0.0,0.0,-0.23787591317899912,0.9712955523059175,-0.4803568079084034
10.431969331000118,1779099296.100589,map,3.2850393800055686,-1.3508074914779353,0.0,0.0,0.0,-0.23776969957532612,0.9713215584778602,-0.48013810582248534
10.450334288000022,1779099296.1255589,map,3.2868345824760112,-1.3483218674449726,0.0,0.0,0.0,-0.23816607322979746,0.971224444483508,-0.4809542999272653
10.489766016999965,1779099296.1757178,map,3.2819205631145003,-1.3535914486331537,0.0,0.0,0.0,-0.23764542265609523,0.9713519717849992,-0.4798822173942438
10.536925260000089,1779099296.225667,map,3.2790926935184377,-1.357177148270712,0.0,0.0,0.0,-0.23828868319611457,0.971194369557743,-0.48120678917472925
10.58353106100003,1779099296.2504804,map,3.283283750904151,-1.3454175320261454,0.0,0.0,0.0,-0.23857226873468987,0.971124746153028,-0.48179080347859193
10.601835342999948,1779099296.2755613,map,3.2805638326473834,-1.3474334059061148,0.0,0.0,0.0,-0.23835553200792645,0.9711779653396273,-0.4813444534331918
10.630191617000037,1779099296.3005333,map,3.278513595903204,-1.3578726355491075,0.0,0.0,0.0,-0.2385637152342547,0.9711268474167674,-0.48177318784019896
10.65855531200009,1779099296.325548,map,3.278252114636885,-1.351479598191553,0.0,0.0,0.0,-0.23807025124336637,0.971247937178206,-0.48075698029017183
10.687192961999926,1779099296.3755925,map,3.284036468817901,-1.3424569512223117,0.0,0.0,0.0,-0.23855010695985843,0.9711301902780287,-0.48174516214816754
10.731963892000067,1779099296.400541,map,3.280448635765919,-1.3503254981847712,0.0,0.0,0.0,-0.23835068133779874,0.971179155823377,-0.4813344641885265
10.750116404999972,1779099296.425548,map,3.285697784402535,-1.3404702335845797,0.0,0.0,0.0,-0.23865567331588045,0.9711042526907931,-0.4819625743278356
10.780522736999956,1779099296.4505596,map,3.279807345626971,-1.352061351942903,0.0,0.0,0.0,-0.238169713499408,0.9712235518003103,-0.48096179617862955
10.811241183999982,1779099296.5005758,map,3.2822214187645,-1.3485099646255456,0.0,0.0,0.0,-0.2386629580838759,0.97110246237905,-0.4819775774023053
10.837779069000135,1779099296.525567,map,3.282367638594382,-1.3482158827374273,0.0,0.0,0.0,-0.23865406942622294,0.9711046468565082,-0.4819592710999328
10.884379178000017,1779099296.5505397,map,3.282774109569169,-1.341771699388058,0.0,0.0,0.0,-0.2384248282418546,0.9711609553919691,-0.481487160214504
10.902708859000086,1779099296.5754726,map,3.282737279594522,-1.3413484320408253,0.0,0.0,0.0,-0.23829590393854524,0.9711925978744441,-0.4812216590076754
10.931129513000087,1779099296.6005664,map,3.280272492185213,-1.3508257851870495,0.0,0.0,0.0,-0.2386661172838753,0.9711016859529386,-0.48198408382440744
10.959567526,1779099296.6255567,map,3.2781624018613185,-1.355005988068996,0.0,0.0,0.0,-0.23862025684857097,0.9711129558509257,-0.48188963404669755
10.987841530999958,1779099296.675553,map,3.282412917392641,-1.3471262795677053,0.0,0.0,0.0,-0.23868839305701384,0.9710962110006713,-0.48202996127731274
11.03265379000004,1779099296.7005677,map,3.2881652107710932,-1.3430566400011306,0.0,0.0,0.0,-0.23875305872436756,0.9710803143663035,-0.48216314313073383
11.05085717299994,1779099296.7255528,map,3.2777954612933544,-1.3530116609608807,0.0,0.0,0.0,-0.23827921108975036,0.9711966935499967,-0.48118728309988357
11.081242926999948,1779099296.750564,map,3.2813320624942746,-1.3488408125056177,0.0,0.0,0.0,-0.23842258016767737,0.9711615073025638,-0.4814825305523951
11.10763576599993,1779099296.7755597,map,3.2812662004720097,-1.3489420494855884,0.0,0.0,0.0,-0.23852504617195194,0.9711363459106389,-0.48169355071907033
11.136006670000143,1779099296.8255532,map,3.2849819180306348,-1.3452027926633978,0.0,0.0,0.0,-0.23847986537150606,0.9711474418503033,-0.4816005039650946
11.182940397000039,1779099296.8505392,map,3.286738315030358,-1.343595385839119,0.0,0.0,0.0,-0.23828683159473785,0.9711948238579843,-0.4812029761358532
11.211253769999985,1779099296.9005356,map,3.2797191239309536,-1.3635794183541536,0.0,0.0,0.0,-0.23759591378365696,0.9713640830055994,-0.4797802799601953
11.23765390199992,1779099296.9255533,map,3.2784909522600265,-1.365941208304044,0.0,0.0,0.0,-0.23741413117784285,0.9714085290530807,-0.479406005371074
11.284672639000064,1779099296.9505587,map,3.2973531668821074,-1.3433677544520888,0.0,0.0,0.0,-0.23719195970703383,0.9714628012694757,-0.47894859686156915
11.303352335,1779099296.9754746,map,3.297062504447182,-1.3575304893887499,0.0,0.0,0.0,-0.23681718751307348,0.9715542289025342,-0.4781770705527553
11.33181162400001,1779099297.0005734,map,3.304379407736128,-1.3656244932429753,0.0,0.0,0.0,-0.2364745296249433,0.9716376880497493,-0.47747171997654264
11.36229381499993,1779099297.0505416,map,3.3196794118795876,-1.3689685600129888,0.0,0.0,0.0,-0.23586210397827018,0.9717865341251358,-0.476211211602894
11.408897473000025,1779099297.075552,map,3.330710154541082,-1.3801994914491136,0.0,0.0,0.0,-0.23499836626474055,0.9719957653472071,-0.4744337745783582
11.435268410999925,1779099297.100533,map,3.333869152477914,-1.382744364105712,0.0,0.0,0.0,-0.2346549319910357,0.9720787328669847,-0.47372714678102285
11.463719674999993,1779099297.1505687,map,3.3482103680646316,-1.3754341979216615,0.0,0.0,0.0,-0.2347385840503657,0.972058535870155,-0.47389925820674067
11.512485893000076,1779099297.2005322,map,3.3661675268880513,-1.4078566168840252,0.0,0.0,0.0,-0.2332443660289618,0.9724181537362143,-0.4708254898550247
11.557050637999964,1779099297.2255507,map,3.4000607287261255,-1.3990124485204156,0.0,0.0,0.0,-0.23308758551437345,0.972455745768968,-0.4705030411568574
11.585737622000124,1779099297.2755494,map,3.402818957061253,-1.4109702717877917,0.0,0.0,0.0,-0.23294709846458747,0.9724894083314891,-0.4702141136274709
11.614180307999959,1779099297.3005476,map,3.4050660162646964,-1.418693439539771,0.0,0.0,0.0,-0.23229891550896845,0.9726444436963372,-0.46888118133399204
11.663207515000067,1779099297.3505497,map,3.444213159602665,-1.422265373269279,0.0,0.0,0.0,-0.2292254855650088,0.973373349115069,-0.4625638138362454
11.712937222999926,1779099297.400554,map,3.4750220578257336,-1.4400021907853084,0.0,0.0,0.0,-0.22777198381505753,0.9737144978837242,-0.4595778130100421
11.769821423999929,1779099297.4505787,map,3.492094177135313,-1.4616302468992326,0.0,0.0,0.0,-0.22672034522976048,0.9739598991020617,-0.4574180300715266
11.78853296400007,1779099297.4755778,map,3.521581442404721,-1.476899914600683,0.0,0.0,0.0,-0.22656304495277702,0.9739965023868032,-0.4570950243276171
11.816959612000119,1779099297.500559,map,3.519397500272209,-1.4734213129539477,0.0,0.0,0.0,-0.2259602650895794,0.9741365194882322,-0.4558573678900062
11.863580232999993,1779099297.5505598,map,3.5502018417530916,-1.4750564224613225,0.0,0.0,0.0,-0.22456194021882162,0.9744598170294958,-0.4529869434628922
11.889962177000143,1779099297.5755494,map,3.5442710249621157,-1.4703112082504426,0.0,0.0,0.0,-0.22433753140545837,0.9745115042947954,-0.4525263747312414
11.918512696000107,1779099297.60055,map,3.5635658536995556,-1.492021034988368,0.0,0.0,0.0,-0.22439935834975183,0.9744972693508277,-0.45265326373268405
11.937010537000106,1779099297.6255777,map,3.6176668484050527,-1.5198185819351149,0.0,0.0,0.0,-0.22541103925925435,0.9742637545244424,-0.45472982582772375
11.965552758000058,1779099297.6505728,map,3.61076631581268,-1.5225838745076195,0.0,0.0,0.0,-0.22672503553858472,0.9739588072706297,-0.4574276614977435
12.010376987999962,1779099297.6755545,map,3.6555403591594566,-1.5480782535662707,0.0,0.0,0.0,-0.22893966201390392,0.9734406151157653,-0.46197654961007334
12.039086457999929,1779099297.7255602,map,3.650222515891693,-1.5367522424768607,0.0,0.0,0.0,-0.22819217358168237,0.9736161111629508,-0.46044092224922606
12.086254569999937,1779099297.7755525,map,3.659783863745395,-1.5601369752298027,0.0,0.0,0.0,-0.23281500086072732,0.9725210410958828,-0.46994244906403176
12.114832834000026,1779099297.8005548,map,3.7064579830570197,-1.5288621562191789,0.0,0.0,0.0,-0.23498089321035304,0.9719999896224613,-0.4743978217130449
12.16198027900009,1779099297.850535,map,3.705756973714033,-1.6024127052936605,0.0,0.0,0.0,-0.23950309799597938,0.9708955999747493,-0.48370804227964415
12.219394707999982,1779099297.9005728,map,3.714133775432968,-1.5812168199526968,0.0,0.0,0.0,-0.2451539210625263,0.9694841695394869,-0.4953569105690927
12.237961056000131,1779099297.9255817,map,3.698034121142835,-1.588305797415743,0.0,0.0,0.0,-0.24686115313900736,0.9690508609308799,-0.49887963594319257
12.266325468000105,1779099297.95056,map,3.740909540645092,-1.6036910172530672,0.0,0.0,0.0,-0.25034539950559465,0.9681565890631455,-0.5060739973101236
12.287498550999999,1779099297.9755692,map,3.730473057966982,-1.612778611029389,0.0,0.0,0.0,-0.25458763487744024,0.9670497071854741,-0.5148425272281814
12.313377850000052,1779099298.000599,map,3.7275577373924853,-1.6138040854459859,0.0,0.0,0.0,-0.25609455135111586,0.9666517370637011,-0.5179596913035558
12.360776448000024,1779099298.050566,map,3.712334089210551,-1.6012454765582442,0.0,0.0,0.0,-0.2583817352814755,0.9660428970148963,-0.5226933575999606
12.389824046000058,1779099298.0755506,map,3.7171958257478064,-1.6156841689042505,0.0,0.0,0.0,-0.2610480226213461,0.9653258154040455,-0.5282154220900815
12.418347276000077,1779099298.1005664,map,3.721065933159198,-1.606694351878366,0.0,0.0,0.0,-0.2625247964109479,0.9649252464669947,-0.53127569446737
12.436543179999944,1779099298.1255515,map,3.7231563097285107,-1.6039025775663742,0.0,0.0,0.0,-0.2637354599515441,0.9645950482788865,-0.5337854651808883
12.465011039000046,1779099298.1504738,map,3.7236679266825377,-1.6076818757511968,0.0,0.0,0.0,-0.2646483835187349,0.9643449761889781,-0.5356785743236265
12.48556990399993,1779099298.1755702,map,3.7305858795640003,-1.606445317315785,0.0,0.0,0.0,-0.2673254891769133,0.9636062903677642,-0.5412328722646708
12.511802939000063,1779099298.2004776,map,3.7316629266072687,-1.6068770960198286,0.0,0.0,0.0,-0.2679207312097819,0.9634409591604541,-0.5424684247693295
12.561457121000103,1779099298.2505586,map,3.7328912939748626,-1.621725037615613,0.0,0.0,0.0,-0.26926424948142885,0.9630663341386214,-0.5452579663579131
12.61089537099997,1779099298.3005574,map,3.7472204604620676,-1.6216944678573002,0.0,0.0,0.0,-0.27199430439785793,0.962298861256276,-0.5509297279402182
12.639493121999976,1779099298.3254871,map,3.7520403094234105,-1.6328447823128425,0.0,0.0,0.0,-0.27297848147517756,0.9620201394209511,-0.5529754947619604
12.668434441000045,1779099298.3505628,map,3.7594823926308396,-1.640114529677106,0.0,0.0,0.0,-0.2747855808280151,0.9615055301811896,-0.5567333834134965
12.713829375999921,1779099298.4005795,map,3.7641220343248594,-1.653346661170139,0.0,0.0,0.0,-0.27654828268892195,0.9610000246315336,-0.5604008919157168
12.761157038999954,1779099298.4505596,map,3.7790109524400415,-1.6536258448949968,0.0,0.0,0.0,-0.28119614102024554,0.9596503166650455,-0.5700806324882347
12.789912840999932,1779099298.4756556,map,3.788201106765499,-1.6613152079336453,0.0,0.0,0.0,-0.2841060889188728,0.9587928505361424,-0.576147938972319
12.816229164000106,1779099298.5005734,map,3.7933414396379947,-1.6649279813593747,0.0,0.0,0.0,-0.2869732776437995,0.9579385877593484,-0.5821314305122741
12.83560512200006,1779099298.5255141,map,3.794372259009029,-1.6969747041683567,0.0,0.0,0.0,-0.2871926260525313,0.9578728493600029,-0.5825894054539066
12.864406746999975,1779099298.5504956,map,3.8148772506990962,-1.6934754644165746,0.0,0.0,0.0,-0.2909508007699241,0.9567380161420053,-0.5904409641354926
12.911545324000144,1779099298.6004827,map,3.8276013963437547,-1.7098568781989472,0.0,0.0,0.0,-0.30220338518768247,0.9532434704633992,-0.6140065417277148
12.962363735000054,1779099298.650486,map,3.8360028892421436,-1.7350327211075816,0.0,0.0,0.0,-0.30997233457908,0.9507455767951777,-0.6303278672882504
13.01090553400013,1779099298.7005582,map,3.8463632682308067,-1.7399048835589386,0.0,0.0,0.0,-0.31936850980513176,0.9476306004687952,-0.6501260476685206
13.06233343000008,1779099298.7505648,map,3.86579694884065,-1.7708192490826016,0.0,0.0,0.0,-0.33330745283526836,0.9428181913202913,-0.6796189183475991
13.088602595000111,1779099298.7754948,map,3.873028309975394,-1.7800317267652415,0.0,0.0,0.0,-0.33747812674312094,0.9413333702626048,-0.6884731255802864
13.11752004799996,1779099298.8004775,map,3.870452418600038,-1.7652537552883376,0.0,0.0,0.0,-0.3383793967581392,0.9410097682009458,-0.6903883341896612
13.136698079000098,1779099298.8254821,map,3.8686569622874365,-1.8071110132714918,0.0,0.0,0.0,-0.342988915200089,0.9393394509174339,-0.7001939791444873
13.165536137000117,1779099298.8504808,map,3.879544096343753,-1.814756045677464,0.0,0.0,0.0,-0.3491042745241557,0.9370838839233994,-0.7132301369440712
13.211617855999975,1779099298.9004762,map,3.9116324347961386,-1.8361770095029704,0.0,0.0,0.0,-0.3604802092882329,0.9327668619282697,-0.7375653293395
13.262991738999972,1779099298.950557,map,3.907603664404873,-1.8235343570883846,0.0,0.0,0.0,-0.3733177625199472,0.9277035346419137,-0.7651655524217278
13.319095094999966,1779099299.000476,map,3.926043128304911,-1.8961548045632481,0.0,0.0,0.0,-0.3823856204758299,0.9240028340071877,-0.7847535078888999
13.338370832999999,1779099299.0256665,map,3.924256312874936,-1.9206471033309935,0.0,0.0,0.0,-0.38644789700059345,0.9223112397145655,-0.7935543290006484
13.367494216000068,1779099299.0504918,map,3.936722370994648,-1.901391273286145,0.0,0.0,0.0,-0.39344755663498543,0.9193470618748721,-0.8087572055035706
13.389307049000081,1779099299.0754998,map,3.9382010922994217,-1.9271916377581582,0.0,0.0,0.0,-0.4063724844376395,0.9137075045614873,-0.8369608691570469
13.416088330000093,1779099299.1004808,map,3.9439511496251387,-1.940650668091565,0.0,0.0,0.0,-0.409131259333123,0.9124755408428726,-0.84300357731554
13.464315855999985,1779099299.150579,map,3.9540039775559497,-1.9633674750546342,0.0,0.0,0.0,-0.42091740741338773,0.9070989671124051,-0.8689128944572603
13.485891731000038,1779099299.1755633,map,3.9588451499035493,-1.9742046055093065,0.0,0.0,0.0,-0.4348104072935787,0.9005220206686743,-0.899655459240728
13.51294324100013,1779099299.2005763,map,3.9640759745558682,-1.9873324584010923,0.0,0.0,0.0,-0.4405975276630401,0.8977047502476617,-0.912528363779836
13.561093336000113,1779099299.2505443,map,3.9754386289838717,-2.0362171301215803,0.0,0.0,0.0,-0.44893409463839995,0.8935648709921402,-0.9311442252628757
13.619764420000138,1779099299.3005726,map,3.9783051100012665,-2.0487618137652945,0.0,0.0,0.0,-0.46411491634329965,0.885774996501737,-0.9652702596649796
13.638860166000086,1779099299.3255527,map,3.978969240561883,-2.046383286115672,0.0,0.0,0.0,-0.47157597328157624,0.8818254370472277,-0.9821541944867519
13.667883090000032,1779099299.3505497,map,3.99905220728979,-2.1100004402875636,0.0,0.0,0.0,-0.4789633366826387,0.8778349059554611,-0.9989467988798119
13.689998361000107,1779099299.3755715,map,3.990119757829857,-2.1057500154759334,0.0,0.0,0.0,-0.49452890747875927,0.8691611816388631,-1.0345854795338487
13.716393057999994,1779099299.4004786,map,3.994018482833478,-2.1224320576680618,0.0,0.0,0.0,-0.4982977491242255,0.8670059706932418,-1.0432685967566406
13.735905209000066,1779099299.4255888,map,3.996481205568047,-2.12264165925014,0.0,0.0,0.0,-0.5033551436768818,0.864079625575112,-1.054954628169326
13.765270534000138,1779099299.4505737,map,4.018515295760962,-2.1837581455731976,0.0,0.0,0.0,-0.5122983517454396,0.8588075446797763,-1.0757177469627168
13.787527397000076,1779099299.4755363,map,4.002179154936101,-2.1817870483637654,0.0,0.0,0.0,-0.5305529040620272,0.8476518247437149,-1.1185054192273942
13.81364465899992,1779099299.5005603,map,4.005253436400253,-2.199816135488245,0.0,0.0,0.0,-0.5389517134815159,0.842336661041972,-1.1383842298715443
13.862452348000033,1779099299.550473,map,4.036552517083181,-2.285820018901415,0.0,0.0,0.0,-0.5505895603475933,0.8347760993441559,-1.1661406463711306
13.911048478000112,1779099299.600564,map,4.027357507828231,-2.33150700338632,0.0,0.0,0.0,-0.5798145911267811,0.8147484519264112,-1.237002212905687
13.962954744999934,1779099299.6505888,map,4.0199691242657,-2.4213501819071075,0.0,0.0,0.0,-0.6035261576948391,0.7973431989915661,-1.2958322597948733
14.018750287000103,1779099299.700475,map,4.023995094176703,-2.4481878031281186,0.0,0.0,0.0,-0.6178357113675315,0.7863072133453797,-1.3319744895250103
14.037701161000086,1779099299.7255633,map,4.008723821125174,-2.4406035170700178,0.0,0.0,0.0,-0.624216645754531,0.7812512906632298,-1.3482568780345912
14.067147277000004,1779099299.7504725,map,3.998379663522702,-2.591805957096216,0.0,0.0,0.0,-0.634469924864451,0.772947549606374,-1.3746450855127814
14.088253526000017,1779099299.7755506,map,4.0110298976767345,-2.6300388645473514,0.0,0.0,0.0,-0.6545806916861667,0.7559921415409419,-1.4272556816176167
14.114994440000146,1779099299.8004732,map,4.01097294296741,-2.670826762197328,0.0,0.0,0.0,-0.6619919834078927,0.7495109164673216,-1.4469467259229414
14.163260341000068,1779099299.8504772,map,3.9820050862205862,-2.7317696472736994,0.0,0.0,0.0,-0.6744259855265684,0.7383424612241374,-1.4803739785149366
14.211453235000135,1779099299.9004738,map,3.9640930055376833,-2.7176262687278214,0.0,0.0,0.0,-0.7006269633282836,0.713527755772253,-1.5525515981094478
14.261981665000121,1779099299.950488,map,3.942892242363083,-2.8934298058519596,0.0,0.0,0.0,-0.7211231890086186,0.6928068607296265,-1.6108443385105424
14.313981388999991,1779099300.0005672,map,3.9303867747800134,-2.8797703764868823,0.0,0.0,0.0,-0.7430245560829823,0.669264154917688,-1.6751566382061143
14.362336185000004,1779099300.050567,map,3.890649176502388,-2.997689450430482,0.0,0.0,0.0,-0.7554923703569484,0.6551574454529534,-1.712810648058821
14.388668538000047,1779099300.075589,map,3.878001912686597,-3.0382941088512276,0.0,0.0,0.0,-0.7574998423449988,0.6528353458930528,-1.7189497351397764
14.417780846000142,1779099300.100587,map,3.89256349432526,-3.0338739321489414,0.0,0.0,0.0,-0.7590549102764255,0.651026607125429,-1.7237203849481992
14.436917460000132,1779099300.1255717,map,3.8859606299723377,-3.059119028681085,0.0,0.0,0.0,-0.7619940461238179,0.6475840282711216,-1.7327735399085153
14.466118255000083,1779099300.1504836,map,3.882010833247216,-3.0787661321402,0.0,0.0,0.0,-0.7642914583661924,0.6448709690073502,-1.7398837598465378
14.494653478000146,1779099300.1755533,map,3.8600170693523057,-3.1426633785581526,0.0,0.0,0.0,-0.7667342379808687,0.6419646472414946,-1.7474768872038053
14.511297043000013,1779099300.200479,map,3.8562994712564604,-3.144756487281151,0.0,0.0,0.0,-0.7682938641228955,0.6400972881922793,-1.7523428779319452
14.56184005,1779099300.2504747,map,3.8586713485714204,-3.13837965166278,0.0,0.0,0.0,-0.7738159469744599,0.6334105147595988,-1.7696872498487421
14.588448734999929,1779099300.2755525,map,3.8505531048473296,-3.1687565496299412,0.0,0.0,0.0,-0.7746633336547999,0.6323738763507173,-1.7723650725796902
14.617650169999933,1779099300.3004732,map,3.853320858969929,-3.152080199267533,0.0,0.0,0.0,-0.7755100753258672,0.6313351907410735,-1.7750452513214583
14.646912565000093,1779099300.3255544,map,3.840936639840746,-3.2127299022778932,0.0,0.0,0.0,-0.7770971263813394,0.6293806925620332,-1.7800806450629285
14.667604739000126,1779099300.3504803,map,3.8253080257777414,-3.2539074446697787,0.0,0.0,0.0,-0.7788685396531954,0.627187211236405,-1.7857195352273116
14.696342101000027,1779099300.37557,map,3.806957486101182,-3.2623406174042855,0.0,0.0,0.0,-0.7791630332121725,0.6268213203741613,-1.7866589022129096
14.712569776999999,1779099300.4004855,map,3.8069026213895745,-3.2410079131112313,0.0,0.0,0.0,-0.7794242940240016,0.6264964244791719,-1.7874927236731666
14.760777856999994,1779099300.4504817,map,3.822939022332778,-3.2940596100298514,0.0,0.0,0.0,-0.781205683379509,0.6242737222209135,-1.793189655777684
14.789783347000139,1779099300.4754782,map,3.813511310042368,-3.321747613437579,0.0,0.0,0.0,-0.7821475928992243,0.623093205645792,-1.796210128165226
14.819416257000057,1779099300.500507,map,3.7990270287028545,-3.3389239131265405,0.0,0.0,0.0,-0.7834309410938609,0.6214788496294845,-1.8003347515145711
14.849322351999945,1779099300.525746,map,3.787202157336478,-3.3711671056686088,0.0,0.0,0.0,-0.7837735353262705,0.6210467336055794,-1.8014376478359033
14.870269064000013,1779099300.5505028,map,3.7955140253133344,-3.3924668535079383,0.0,0.0,0.0,-0.7839209347940266,0.6208606671320542,-1.8019123997118531
14.900268076999964,1779099300.5757556,map,3.7798417959241024,-3.410502365649215,0.0,0.0,0.0,-0.7837099992282366,0.6211269090207552,-1.8012330513260495
14.935936401999925,1779099300.6254816,map,3.7749492117831394,-3.4408195835617827,0.0,0.0,0.0,-0.7833957972885648,0.6215231490384039,-1.8002216581958976
14.964766686000075,1779099300.6504726,map,3.777588653611072,-3.4598912724580875,0.0,0.0,0.0,-0.783169422306465,0.621808375598269,-1.7994933730197795
14.994114674999992,1779099300.6755733,map,3.7675834019813688,-3.4816826489848465,0.0,0.0,0.0,-0.7828293026774682,0.6222365168241968,-1.7983997802641025
15.012564406000138,1779099300.7004726,map,3.7571121080118512,-3.4957792591004604,0.0,0.0,0.0,-0.7826491849148887,0.6224630538048507,-1.7978209489844188
15.041798358000051,1779099300.7255988,map,3.7612845652461835,-3.526039011433842,0.0,0.0,0.0,-0.782625403820909,0.6224929536100462,-1.7977445411633064
15.062874883999939,1779099300.750476,map,3.7518982412787993,-3.5574416481904003,0.0,0.0,0.0,-0.781556151299452,0.623834899926245,-1.7943128526037064
15.09993530099996,1779099300.7755532,map,3.749953282371026,-3.5659171472367737,0.0,0.0,0.0,-0.7814468542670503,0.6239718054176258,-1.7939624873375026
15.13763437700004,1779099300.8255498,map,3.727994029777534,-3.6012841707991456,0.0,0.0,0.0,-0.7810964030709396,0.6244104492316254,-1.7928395902902252
15.16638805699995,1779099300.8504727,map,3.736071287826963,-3.618515966950704,0.0,0.0,0.0,-0.7807554860843675,0.6248366754193955,-1.7917479984942328
15.195532909000121,1779099300.8755455,map,3.7391371513052256,-3.6379328803880653,0.0,0.0,0.0,-0.7810804170758108,0.6244304461352581,-1.79278838762642
15.21407110400014,1779099300.9004722,map,3.736521875621562,-3.6599132188989016,0.0,0.0,0.0,-0.7801032685268456,0.6256507735420233,-1.7896617160643808
15.243987285000003,1779099300.9255912,map,3.711481321367043,-3.667931600222923,0.0,0.0,0.0,-0.7804252568697114,0.6252490851171595,-1.7906913375277633
15.264778062999994,1779099300.9505599,map,3.706605183997089,-3.698763653171007,0.0,0.0,0.0,-0.7787245412507477,0.6273659927457118,-1.7852604127242302
15.313595835000115,1779099301.0006127,map,3.7117293796160546,-3.735164550625272,0.0,0.0,0.0,-0.7791266824924391,0.6268665030357947,-1.7865429220811913
15.342744125000081,1779099301.0256424,map,3.7006619409563846,-3.7530921241305726,0.0,0.0,0.0,-0.778799975728996,0.6272723473934709,-1.7855009106454047
15.361677324000084,1779099301.0505803,map,3.700557861541406,-3.7754594281675864,0.0,0.0,0.0,-0.7780678604814286,0.6281802324857511,-1.783168317041114
15.391332467999973,1779099301.0755863,map,3.707814467731782,-3.7989979695092337,0.0,0.0,0.0,-0.7780589641504739,0.6281912513757985,-1.78313999315421
15.41103191000002,1779099301.1006377,map,3.6859733641267893,-3.8081713783957594,0.0,0.0,0.0,-0.7778044255435835,0.6285063846969384,-1.782329810669249
15.442835592999927,1779099301.1255717,map,3.6796494918604,-3.8425532701396548,0.0,0.0,0.0,-0.7770349349684886,0.6294574726210792,-1.779883029787128
15.46963225400009,1779099301.150479,map,3.6772786708562992,-3.848889843936126,0.0,0.0,0.0,-0.7769359444936684,0.6295796519533738,-1.779568533978596
15.498854673000096,1779099301.17548,map,3.67768384065647,-3.8631446673128114,0.0,0.0,0.0,-0.7771028373200194,0.6293736411935087,-1.7800987929684466
15.517913931000066,1779099301.2004735,map,3.6738214644771463,-3.889453987089248,0.0,0.0,0.0,-0.777042530850097,0.6294480957553815,-1.7799071646604627
15.547224669000116,1779099301.2257497,map,3.667039892270131,-3.89485541568062,0.0,0.0,0.0,-0.7765811816480271,0.6300171968368433,-1.7784419422866544
15.573073545999932,1779099301.250476,map,3.6699457506244437,-3.9158886432974995,0.0,0.0,0.0,-0.7764030022588416,0.6302367635130921,-1.777876407422717
15.599874698000121,1779099301.2756102,map,3.6689373614033904,-3.923998660595213,0.0,0.0,0.0,-0.7763193485470056,0.6303398044480079,-1.7776109615502824
15.624643132000074,1779099301.3005095,map,3.658404073354312,-3.9351783256435,0.0,0.0,0.0,-0.7762253642792377,0.6304555367744538,-1.7773127870107013
15.65690111999993,1779099301.3256097,map,3.6530616373167737,-3.9639340327997497,0.0,0.0,0.0,-0.7754950369280614,0.6313536629338145,-1.7749976120387914
15.680870357000003,1779099301.3506062,map,3.651188173631041,-3.9968424429612806,0.0,0.0,0.0,-0.7749497231993009,0.6320228844854646,-1.7732710842003274
15.71363157099995,1779099301.4004793,map,3.6467387952252976,-4.009962037762416,0.0,0.0,0.0,-0.7746788955251984,0.6323548124493548,-1.7724142906310734
15.740879332000077,1779099301.4254801,map,3.639180197613612,-4.034297071272235,0.0,0.0,0.0,-0.7748596783794103,0.6321332761544489,-1.7729861674391174
15.768115926000064,1779099301.450487,map,3.6453516199904032,-4.057267218738546,0.0,0.0,0.0,-0.7743960673280482,0.6327011386957139,-1.7715200117901038
15.795383136000055,1779099301.4754815,map,3.634333483040113,-4.071569485623011,0.0,0.0,0.0,-0.7749600433273658,0.6320102303333762,-1.773303741977861
15.812950393999927,1779099301.50057,map,3.629598484601452,-4.082784851839361,0.0,0.0,0.0,-0.7737571029903088,0.6334823956291482,-1.769501459925612
15.839952971999992,1779099301.5256152,map,3.6229078373182713,-4.095083064195115,0.0,0.0,0.0,-0.7738366064630092,0.6333852749297333,-1.7697524836890048
15.867108057999985,1779099301.5504687,map,3.619830591284218,-4.127866569748134,0.0,0.0,0.0,-0.7734108782357367,0.6339050507975358,-1.768408740420032
15.893914689999974,1779099301.5756829,map,3.6354514282893793,-4.131874293465508,0.0,0.0,0.0,-0.7730482747882487,0.6343471958217458,-1.7672651085011468
15.91105005999998,1779099301.6004684,map,3.6223149845041553,-4.132026718774376,0.0,0.0,0.0,-0.7727037267105398,0.6347668475335204,-1.7661791601703474
15.94057670799998,1779099301.6255686,map,3.6153395722655666,-4.1634115446313125,0.0,0.0,0.0,-0.7702640685198199,0.637725069875173,-1.7585102542444375
15.96746131100008,1779099301.6504693,map,3.6053581062940734,-4.191041447821109,0.0,0.0,0.0,-0.7693873170038082,0.6387825580224318,-1.7557629102913481
15.992817476000027,1779099301.6756775,map,3.6023886170363024,-4.2003454165365754,0.0,0.0,0.0,-0.7682662995425061,0.6401303718675317,-1.752256753936206
16.01977062700007,1779099301.7005475,map,3.6135602445689865,-4.189358625158503,0.0,0.0,0.0,-0.7691785392132476,0.6390339387026127,-1.75510936484335
16.047003982999968,1779099301.7256756,map,3.615446341945173,-4.211017999973805,0.0,0.0,0.0,-0.7691073168424097,0.6391196563863993,-1.7548864734129686
16.066445512999962,1779099301.7506022,map,3.6023388140738515,-4.262028175871531,0.0,0.0,0.0,-0.7660646818016005,0.6427634893926478,-1.745392224777396
16.091614043999925,1779099301.775549,map,3.6000509139268333,-4.277206258523776,0.0,0.0,0.0,-0.7652083424240322,0.6437827216419101,-1.7427297809607343
16.11856362399999,1779099301.8005607,map,3.600037782821789,-4.261088799651217,0.0,0.0,0.0,-0.7657436803558835,0.6431458745844729,-1.7443937051366136
16.145614668000007,1779099301.8255897,map,3.5841188505485655,-4.309826566298183,0.0,0.0,0.0,-0.7649089987176423,0.6441383575605275,-1.7418000851716566
16.164371547999963,1779099301.850566,map,3.5977939855730545,-4.321971766204002,0.0,0.0,0.0,-0.7628188853308278,0.6466122085010718,-1.7353228877489455
16.199714760000006,1779099301.8755627,map,3.595912215749852,-4.34096055650193,0.0,0.0,0.0,-0.7617773815605033,0.6478388850191251,-1.7321045242254627
16.21692091099999,1779099301.9005518,map,3.5850254213161263,-4.365636718982049,0.0,0.0,0.0,-0.7606990456816968,0.6491047387740716,-1.7287787493481594
16.244129188999977,1779099301.9255795,map,3.5716003928200717,-4.38903222106356,0.0,0.0,0.0,-0.7610931870301308,0.648642552301588,-1.7299935970739866
16.262910403999967,1779099301.950494,map,3.5782770458860966,-4.415218924887364,0.0,0.0,0.0,-0.7585169789390762,0.6516532764140276,-1.722068616732323
16.298252292000143,1779099301.9755547,map,3.5766580321207986,-4.427040578782765,0.0,0.0,0.0,-0.7580143292949935,0.6522378987635272,-1.7205266180479166
16.31521928799998,1779099302.0005493,map,3.582539273897584,-4.417516835561618,0.0,0.0,0.0,-0.7564596838631563,0.6540403249721333,-1.7157660864258468
16.34283968900013,1779099302.0255775,map,3.580301431873061,-4.473632426533424,0.0,0.0,0.0,-0.7544543297714086,0.6563525457322267,-1.7096447084144204
16.361629128999994,1779099302.0505643,map,3.5734362828975224,-4.4960988393477175,0.0,0.0,0.0,-0.7523337434714797,0.658782163111745,-1.7031949220987281
16.391583546999982,1779099302.0755801,map,3.572441159273917,-4.53615142877151,0.0,0.0,0.0,-0.7488973867574269,0.6626859769965688,-1.6927933123615058
16.418752046999998,1779099302.1005313,map,3.575655358384145,-4.545641997024747,0.0,0.0,0.0,-0.748218496060405,0.6634523962976588,-1.6907455904905844
16.44579572900011,1779099302.1255586,map,3.5683840797814415,-4.565683179998891,0.0,0.0,0.0,-0.7471282643997994,0.6646798902742157,-1.687462088005933
16.46056682199992,1779099302.1505613,map,3.5668973783850983,-4.579221849296864,0.0,0.0,0.0,-0.745299073471564,0.6667302986083865,-1.6819665921996814
16.500066457999992,1779099302.1755364,map,3.56355048198228,-4.631624517903772,0.0,0.0,0.0,-0.7436268604141687,0.6685948642268847,-1.676957438684717
16.544537897000055,1779099302.2254848,map,3.5634951312120102,-4.678077491029671,0.0,0.0,0.0,-0.7417188596681159,0.6707109162766249,-1.6712589656905987
16.569953295999994,1779099302.2505002,map,3.562139532560192,-4.70157525023319,0.0,0.0,0.0,-0.7396260321368466,0.6730180774581797,-1.665029061152365
16.596965052000087,1779099302.2755837,map,3.559836087019116,-4.712442266638881,0.0,0.0,0.0,-0.7394334186245609,0.6732296929140864,-1.6644567637931107
16.613820072999943,1779099302.300573,map,3.559647276317179,-4.748511555951986,0.0,0.0,0.0,-0.7365581942249783,0.6763741764142384,-1.6559350927605445
16.64082752100012,1779099302.3255863,map,3.557935112169531,-4.723682445110121,0.0,0.0,0.0,-0.7370768648627063,0.6758089192102779,-1.6574694134127355
16.668410991999963,1779099302.3505876,map,3.5587657712684413,-4.8346425980747485,0.0,0.0,0.0,-0.7335937791358563,0.6795882335746937,-1.6471902769913538
16.693382003000124,1779099302.3755863,map,3.557459152052677,-4.8733473189472605,0.0,0.0,0.0,-0.7321037299259577,0.6811931654299684,-1.6428102976193293
16.710421644999997,1779099302.4005759,map,3.551863257201613,-4.858154106038837,0.0,0.0,0.0,-0.7323531964145145,0.6809249559984153,-1.6435428816202113
16.750097774000096,1779099302.4255533,map,3.5532322151229527,-4.848039608081285,0.0,0.0,0.0,-0.7302937806359178,0.683133218314333,-1.6375038013151912
16.79205755199996,1779099302.4756238,map,3.560383083875854,-4.933051671211309,0.0,0.0,0.0,-0.7278133338822803,0.6857752919310817,-1.6302558544425052
16.819053940999993,1779099302.5005753,map,3.5604115547524553,-4.935817457640737,0.0,0.0,0.0,-0.7254818593307883,0.688241288925579,-1.6234685351441611
16.84661756300011,1779099302.5254903,map,3.5599966169188004,-5.001341987069129,0.0,0.0,0.0,-0.7232667360406989,0.6905687717650096,-1.617042352314473
16.875770804000013,1779099302.550482,map,3.559060828688278,-5.006280956752608,0.0,0.0,0.0,-0.7160740063667299,0.6980243673439348,-1.5963230641573778
16.917894516999922,1779099302.6004813,map,3.5555817712569016,-5.029436298406021,0.0,0.0,0.0,-0.7143782504940864,0.6997597553596578,-1.5914703690575625
16.945405378000032,1779099302.625482,map,3.5696672725596343,-5.108403282797365,0.0,0.0,0.0,-0.7117347684325257,0.7024483037236968,-1.5839294655155431
16.962622449000037,1779099302.6505606,map,3.558985441586302,-5.09632513161779,0.0,0.0,0.0,-0.7093077733420086,0.7048989166374153,-1.577031401840911
17.000319077000086,1779099302.6755662,map,3.5680707324791414,-5.089534670573584,0.0,0.0,0.0,-0.7065504633598569,0.7076626616728987,-1.5692234406944081
17.029612373999953,1779099302.7005606,map,3.5809010546038182,-5.193712665794834,0.0,0.0,0.0,-0.6987060306261215,0.7154088920097998,-1.5471743644917193
17.074125589000005,1779099302.7505596,map,3.577771051631371,-5.218275729820186,0.0,0.0,0.0,-0.694007722452005,0.719967555641906,-1.5340815165417707
17.099271746000113,1779099302.7755685,map,3.5795400643290685,-5.245103958912664,0.0,0.0,0.0,-0.6894752221050027,0.7243092696516159,-1.5215285616286727
17.126811647000068,1779099302.8005002,map,3.5906072118204633,-5.261044490406195,0.0,0.0,0.0,-0.6892752507185561,0.7244995712537527,-1.5209764628851237
17.160771608999994,1779099302.850496,map,3.5955773310532155,-5.317140914635473,0.0,0.0,0.0,-0.6831071112085808,0.7303182009345431,-1.5040173559262802
17.191164922000098,1779099302.8754988,map,3.609684151648047,-5.388724655662677,0.0,0.0,0.0,-0.6730469240515449,0.7395997823314674,-1.4766415970073308
17.220858421000003,1779099302.9005558,map,3.6073050811683687,-5.371717839255052,0.0,0.0,0.0,-0.6680469989638946,0.7441190813138272,-1.4631622073898587
17.248614678999957,1779099302.9255128,map,3.6348759716395183,-5.474950779055902,0.0,0.0,0.0,-0.6623498823813271,0.7491946564875127,-1.4479019474770332
17.27345129000014,1779099302.950566,map,3.644230197796566,-5.518058677454576,0.0,0.0,0.0,-0.6581963603405165,0.7528462998743481,-1.436840966918638
17.29091114300013,1779099302.975481,map,3.619324075147376,-5.446052748847313,0.0,0.0,0.0,-0.6599104064190819,0.7513442989068342,-1.4413990205005793
17.318388358999982,1779099303.0005724,map,3.6443950341907767,-5.484877238085975,0.0,0.0,0.0,-0.6522888092626088,0.7579705200802785,-1.4212003653779126
17.34611960699999,1779099303.0256321,map,3.6401859260641793,-5.519360978645996,0.0,0.0,0.0,-0.6497540010313483,0.7601445508215886,-1.4145215412907726
17.360743821000142,1779099303.050486,map,3.6450439412743254,-5.545912663224961,0.0,0.0,0.0,-0.6435878638274863,0.7653722372375241,-1.3983536336750038
17.391035869000007,1779099303.0755818,map,3.6786747207657946,-5.602997709520234,0.0,0.0,0.0,-0.6368859202936984,0.7709580562726152,-1.3809045185972026
17.4205827400001,1779099303.100574,map,3.6935238801222963,-5.632883392037139,0.0,0.0,0.0,-0.6244136387677586,0.7810938533369771,-1.348761230131028
17.44827006100013,1779099303.1254835,map,3.6879972807950643,-5.641983872889309,0.0,0.0,0.0,-0.6203690046075725,0.7843100777895243,-1.3384261975445861
17.463069153000106,1779099303.1505826,map,3.694711059977139,-5.668002436258112,0.0,0.0,0.0,-0.6131305294153445,0.7899816161777813,-1.320034627008366
17.49119568800006,1779099303.175601,map,3.6923660113211865,-5.66202885146357,0.0,0.0,0.0,-0.6167931819637965,0.7871252573021494,-1.3293241584288342
17.521139202000086,1779099303.2005043,map,3.7099377445429806,-5.714208766073215,0.0,0.0,0.0,-0.6061467757141156,0.7953528061755876,-1.302413843840583
17.54872533899993,1779099303.2254932,map,3.7514308937812335,-5.79211997770228,0.0,0.0,0.0,-0.5989346935216673,0.8007978726845536,-1.2843402792138443
17.57455648500013,1779099303.250675,map,3.7673270044185068,-5.831286586009666,0.0,0.0,0.0,-0.5920312034705328,0.8059150415007977,-1.2671537675269589
17.59199518000014,1779099303.2756302,map,3.7645748246982262,-5.813896018365104,0.0,0.0,0.0,-0.5909439130986545,0.8067126449806337,-1.264456827083148
17.621909693000134,1779099303.3005755,map,3.7446584252428976,-5.781825370740386,0.0,0.0,0.0,-0.5834232220503228,0.8121682978129716,-1.2458745169277092
17.646969988000137,1779099303.3255794,map,3.750634494270785,-5.79827440066583,0.0,0.0,0.0,-0.5809809958053301,0.8139171226316885,-1.2398669004077811
17.674452483000096,1779099303.3505754,map,3.8168621256592297,-5.889396144436325,0.0,0.0,0.0,-0.5729297877627972,0.8196044523391001,-1.2201520880118701
17.692488597999954,1779099303.3755789,map,3.8064245717963487,-5.904178572383735,0.0,0.0,0.0,-0.56871625331385,0.8225337824166596,-1.20988857885571
17.730432704000123,1779099303.4005048,map,3.7680149527098132,-5.86232713227532,0.0,0.0,0.0,-0.566285017581897,0.8242094872435469,-1.2039830220873398
17.77315344800013,1779099303.45064,map,3.9082169204539814,-5.984195441761165,0.0,0.0,0.0,-0.5567033536557691,0.8307113674606962,-1.1808240732200235
17.790627505999964,1779099303.4755678,map,3.8709596007224194,-5.981838354966754,0.0,0.0,0.0,-0.5492083537499082,0.8356854576761018,-1.1628332819433314
17.82052479899994,1779099303.5005777,map,3.8545898261109888,-5.988948462352912,0.0,0.0,0.0,-0.5376946222956736,0.8431396640855612,-1.1354008810484109
17.84753498000009,1779099303.5255535,map,3.9030931534908095,-6.01684036297497,0.0,0.0,0.0,-0.5313059657241715,0.847180010851239,-1.1202827321071034
17.87287919000005,1779099303.5506215,map,3.9207181044123276,-6.039874431980143,0.0,0.0,0.0,-0.5239638111795014,0.851740526553863,-1.102996205340541
17.890525589999925,1779099303.575595,map,3.936303153863919,-6.051914302015077,0.0,0.0,0.0,-0.5229568776520628,0.8523591403372205,-1.100632650133502
17.920551128999932,1779099303.6005635,map,3.9203322397859495,-6.07386860107682,0.0,0.0,0.0,-0.5101792580070358,0.8600680930597242,-1.0707864008704608
17.948383627000112,1779099303.6255617,map,3.9977055762335056,-6.119613737930939,0.0,0.0,0.0,-0.5018345554373043,0.864963628697209,-1.0514368726850576
17.973471250000102,1779099303.65057,map,4.022773328305136,-6.145933269056019,0.0,0.0,0.0,-0.4944780295156838,0.8691901278352664,-1.034468407771004
17.990742356000055,1779099303.6755984,map,3.9559973041755594,-6.116824381585733,0.0,0.0,0.0,-0.4966977656488482,0.8679235735935751,-1.0395797252931087
18.021027355000115,1779099303.7005627,map,4.006102670646967,-6.154625732576568,0.0,0.0,0.0,-0.48200800297148444,0.8761668134958328,-1.0058901517786936
18.048157156000116,1779099303.7255006,map,4.0378540382927985,-6.189414088857746,0.0,0.0,0.0,-0.47587333188028913,0.8795138270687688,-0.9919134729160007
18.07356021999999,1779099303.7505977,map,4.057792684600222,-6.213104771041399,0.0,0.0,0.0,-0.47061958745172827,0.8823362193102838,-0.9799857180714309
18.090840587000002,1779099303.7756004,map,4.03377009568799,-6.192568237376758,0.0,0.0,0.0,-0.4699875957309972,0.8826730197864874,-0.9785534497756686
18.12102448099995,1779099303.8005595,map,4.078197342458996,-6.223520537405137,0.0,0.0,0.0,-0.4560122538596069,0.8899734964199111,-0.9470185617861874
18.148748751000085,1779099303.825573,map,4.083840659860439,-6.253414056358291,0.0,0.0,0.0,-0.449842031981985,0.8931081380562595,-0.933176913417523
18.173762993000082,1779099303.8505914,map,4.099368414208827,-6.274524428723584,0.0,0.0,0.0,-0.444409124525652,0.8958239391969516,-0.9210291279923369
18.191447396000058,1779099303.8754928,map,4.1191302042652405,-6.259169490847256,0.0,0.0,0.0,-0.44245143060418346,0.8967924684988782,-0.9166607798398151
18.22171632000004,1779099303.900579,map,4.124076987721054,-6.28894933173722,0.0,0.0,0.0,-0.43042891442545494,0.9026244787432504,-0.8899358180555138
18.249414564000062,1779099303.9255698,map,4.195600987813149,-6.32280394588901,0.0,0.0,0.0,-0.42229793342355026,0.9064570896772769,-0.8719577978410595
18.274797788000114,1779099303.9505866,map,4.221615863665014,-6.3437413308410235,0.0,0.0,0.0,-0.41695114864497945,0.9089288969130822,-0.8601767895974988
18.32213399500006,1779099304.000556,map,4.212991042303719,-6.343467230142247,0.0,0.0,0.0,-0.40195501151824353,0.9156594174229677,-0.8273018679360611
18.35028800000009,1779099304.0255718,map,4.232052621512975,-6.352587382696585,0.0,0.0,0.0,-0.3959202627026921,0.9182848934733878,-0.8141395772415729
18.37525044600011,1779099304.0504844,map,4.24977086922281,-6.366325943597371,0.0,0.0,0.0,-0.39036456231780997,0.92066036543691,-0.8020550772700881
18.42036126300013,1779099304.1005735,map,4.276246858405216,-6.396919368864327,0.0,0.0,0.0,-0.38230114456361075,0.9240377886565858,-0.7845706636134563
18.44822589499995,1779099304.1255622,map,4.283576996529351,-6.392777621984971,0.0,0.0,0.0,-0.37643860459203665,0.9264415669500157,-0.7718982274906526
18.475920638999924,1779099304.1504865,map,4.3537177432193275,-6.433237361488006,0.0,0.0,0.0,-0.3690652540604333,0.929403485169551,-0.7560061426912654
18.52057887000001,1779099304.2004814,map,4.349394499806223,-6.4419915280348405,0.0,0.0,0.0,-0.35566504052968595,0.9346134917413812,-0.7272510769118562
18.540593155000124,1779099304.2255528,map,4.390004148790689,-6.453547802845786,0.0,0.0,0.0,-0.3409791249013666,0.9400708677442878,-0.695916489524126
18.571085733000018,1779099304.2504826,map,4.403411902529032,-6.47031239191918,0.0,0.0,0.0,-0.3275685071906862,0.9448274303262292,-0.6674578900343252
18.598842501000036,1779099304.2754974,map,4.491545823992321,-6.477037554897962,0.0,0.0,0.0,-0.31504222871832754,0.9490776544225393,-0.6410022964054644
18.62643110099998,1779099304.3004806,map,4.4382057963271135,-6.4644585969048585,0.0,0.0,0.0,-0.3109305424492941,0.9504326371564624,-0.6323438966789651
18.672212739000088,1779099304.3505218,map,4.4660965696940025,-6.495601684840411,0.0,0.0,0.0,-0.29819378496064036,0.9545053517979076,-0.6055995768770756
18.70038908100014,1779099304.3755658,map,4.533297082060762,-6.496677884417105,0.0,0.0,0.0,-0.289452214645916,0.9571924652004813,-0.5873090095898703
18.727630291999958,1779099304.4004798,map,4.544307496201655,-6.511256085092532,0.0,0.0,0.0,-0.2831617930083176,0.9590721552523119,-0.5741784659773008
18.770968721000145,1779099304.4504936,map,4.539813526077466,-6.517918610011798,0.0,0.0,0.0,-0.27701013050315365,0.9608669978715191,-0.5613621401184976
18.798812435999935,1779099304.4755735,map,4.600992642142599,-6.543392609153416,0.0,0.0,0.0,-0.2698079422006801,0.9629141572982685,-0.546387142291369
18.826921511000137,1779099304.5004826,map,4.594387004452483,-6.530834337805036,0.0,0.0,0.0,-0.2631872209303661,0.9647447780314494,-0.5326488297391779
18.879602130999956,1779099304.5504858,map,4.645688724908214,-6.5640665704781656,0.0,0.0,0.0,-0.2573678396997989,0.9663135076610793,-0.5205945822680805
18.92529760499997,1779099304.6004903,map,4.72185973069669,-6.578354674040881,0.0,0.0,0.0,-0.24261419590562897,0.970122854047396,-0.490119305890345
18.970738799999936,1779099304.6507087,map,4.81356190009512,-6.5745369078138225,0.0,0.0,0.0,-0.22522710838404666,0.9743062914961398,-0.4543522548493808
18.999267246000045,1779099304.6755817,map,4.701228152401485,-6.581274266052855,0.0,0.0,0.0,-0.2216561299031341,0.9751248946039501,-0.44702504163512596
19.0265762680001,1779099304.700588,map,4.701698374260538,-6.553113406027919,0.0,0.0,0.0,-0.21794561880761965,0.9759609148129672,-0.43941798180346964
19.061702781000122,1779099304.7504766,map,4.789428418730049,-6.602678731490431,0.0,0.0,0.0,-0.20545870366893093,0.9786657862041988,-0.4138647746025341
19.090415269999994,1779099304.7755628,map,4.7929596720458685,-6.585850118737255,0.0,0.0,0.0,-0.19976236413472515,0.979844374314261,-0.4022307814039039
19.12087211500011,1779099304.8004737,map,4.836782745598256,-6.588942924988018,0.0,0.0,0.0,-0.18628890703039264,0.9824950092073861,-0.3747671418303301
19.14801347399998,1779099304.825552,map,4.852685000590503,-6.590461696908691,0.0,0.0,0.0,-0.1809010262472343,0.9835013058978099,-0.3638050311626541
19.17625501800012,1779099304.850478,map,4.8564518171388205,-6.6075183151754455,0.0,0.0,0.0,-0.1756947420260654,0.9844446950562508,-0.353222886992805
19.221679016000053,1779099304.9004755,map,4.881627400444196,-6.603605426038002,0.0,0.0,0.0,-0.16558416143816654,0.9861956628787308,-0.33270064033412117
19.249292794999974,1779099304.9255846,map,4.906896759763483,-6.603930258133566,0.0,0.0,0.0,-0.16111601933786407,0.9869354732264521,-0.32364268289555703
19.27411535500005,1779099304.9504855,map,4.923856553054638,-6.606529943500115,0.0,0.0,0.0,-0.15822058927606905,0.987403790315357,-0.31777656243790775
19.292487746000006,1779099304.9755628,map,4.921541518591535,-6.605829130421908,0.0,0.0,0.0,-0.15618182293823663,0.9877283220520152,-0.3136476930807983
19.329999411000017,1779099305.0004752,map,4.91165776239442,-6.637480990965763,0.0,0.0,0.0,-0.15235496954404248,0.9883258386054844,-0.3059012482996242
19.35046228100009,1779099305.025555,map,4.922342334154731,-6.610201458543086,0.0,0.0,0.0,-0.14534916254101818,0.9893804227639764,-0.2917317473258913
19.37511070200003,1779099305.0505722,map,4.933556672610469,-6.612021805998498,0.0,0.0,0.0,-0.14438594154878107,0.9895214499358121,-0.289784766670698
19.419803083000033,1779099305.100556,map,4.959869026271816,-6.606281361050037,0.0,0.0,0.0,-0.1378466855814584,0.9904535785559092,-0.2765740299753845
19.448243520999995,1779099305.1255603,map,4.928229517576088,-6.615045485657413,0.0,0.0,0.0,-0.13521732841053244,0.9908159637881891,-0.27126560409770845
19.475951494000128,1779099305.1505759,map,4.9265748600759185,-6.592272007196626,0.0,0.0,0.0,-0.13316179035855125,0.9910943131652534,-0.267117005972252
19.520680304000052,1779099305.2005591,map,4.9353013251568605,-6.6095797377804075,0.0,0.0,0.0,-0.12954846274158213,0.991573091507274,-0.2598271829629392
19.54847595000001,1779099305.2255561,map,4.935985019941548,-6.614759997339626,0.0,0.0,0.0,-0.12807565899043763,0.9917644002353407,-0.25685682923029096
19.5758426110001,1779099305.2505515,map,4.938515461479636,-6.604002972465442,0.0,0.0,0.0,-0.12812388501897756,0.991758171172612,-0.25695408252949836
19.620568922000075,1779099305.3005435,map,4.941867453298798,-6.612132737188071,0.0,0.0,0.0,-0.12948361869395641,0.9915815611889514,-0.25969639326882343
19.648396578000074,1779099305.3255694,map,4.936148609702527,-6.619312163650491,0.0,0.0,0.0,-0.12962103911431874,0.9915636067438762,-0.2599735699926749
19.675896730999966,1779099305.3505604,map,4.933573722851076,-6.630780489371816,0.0,0.0,0.0,-0.1290939819811179,0.9916323632356191,-0.25891052402289566
19.720717250000007,1779099305.4005578,map,4.918202264725473,-6.6131771304259415,0.0,0.0,0.0,-0.13145147867340268,0.9913226057921689,-0.2636660441802034
19.74861218000001,1779099305.4255552,map,4.911516786482957,-6.605220135701773,0.0,0.0,0.0,-0.1323564770966041,0.9912021806728313,-0.26549199534413026
19.776046893000057,1779099305.4505596,map,4.912377212455147,-6.594105152516809,0.0,0.0,0.0,-0.13215431992179538,0.9912291539931661,-0.26508409788897414
19.821013340000036,1779099305.5005658,map,4.8771145220696,-6.595658441284588,0.0,0.0,0.0,-0.13407132546561207,0.9909716846045068,-0.26895253525178775
19.84852848200012,1779099305.5255854,map,4.883186342815474,-6.5957228518571736,0.0,0.0,0.0,-0.13475039976088588,0.9908795737950609,-0.27032312099240735
19.876004145000024,1779099305.550561,map,4.852763610254722,-6.593304196221696,0.0,0.0,0.0,-0.13586991252475406,0.9907266862614107,-0.27258292944644597
19.92046801100014,1779099305.600554,map,4.802169475284612,-6.594407810443258,0.0,0.0,0.0,-0.13916237923712976,0.9902695755222722,-0.2792310261526766
19.947925611000073,1779099305.6255498,map,4.809363976666223,-6.578495052097712,0.0,0.0,0.0,-0.14009961617948033,0.990137413466617,-0.2811240448656799
19.97518385100011,1779099305.650551,map,4.7998079199924,-6.5505151602759275,0.0,0.0,0.0,-0.14093021842280612,0.9900195318958612,-0.2828018961017781
20.020026772999927,1779099305.7005565,map,4.772026941580385,-6.550095520862407,0.0,0.0,0.0,-0.1428445464597293,0.9897451366623199,-0.28666968396707765
